top100,county_name,city,province,year,registered_pop_10k,gdp_10k,savings_10k,fiscal_rev_10k,fiscal_exp_10k,primary_industry_va_10k,secondary_industry_va_10k,tertiary_industry_va_10k,loans_10k,GDP,lngdp,cz,jr,cy
1,东台市,盐城市,江苏省,2010,113.36,3815400,2292400,261800,399007,633700,1750700,1431000,1772600,33657.37474,10.42398747,0.65612884,1.065419091,0.458850972
0,东海县,连云港市,江苏省,2010,115.1,2001400,866863,180157,319384,411000,912100,678300,872835,17388.35795,9.763556178,0.564076472,0.869240532,0.455730988
0,丰县,徐州市,江苏省,2010,116.49,1501800,924204,128866,276883,340100,675700,486000,638501,12892.09374,9.464369514,0.465416801,1.040554668,0.449926755
1,丹阳市,镇江市,江苏省,2010,80.88,6076674,2806171,300016,351088,319125,3451900,2305649,4137955,75131.97329,11.22700149,0.854532197,1.142751117,0.56805746
1,仪征市,扬州市,江苏省,2010,56.52,2807000,1363619,192235,206594,151300,1686300,969400,1279571,49663.83581,10.8130323,0.930496529,0.941642323,0.60074813
0,六合区,南京市,江苏省,2010,88.8,5759900,2545200,336085,414320,325500,4135200,1299100,3050000,64863.73874,11.08004402,0.811172524,0.971405754,0.717929131
0,兴化市,泰州市,江苏省,2010,156.12,3871100,2069359,211266,414440,645100,1730200,1495800,1989714,24795.67,10.11842432,0.509762571,1.048558033,0.446953062
0,句容市,镇江市,江苏省,2010,58.48,2430900,1243440,145800,234706,236100,1341300,853500,1351077,41568.05746,10.6350873,0.621202696,1.06730717,0.551770949
1,启东市,南通市,江苏省,2010,112.05,4300395,3530655,312558,341138,544900,2299798,1455686,2796127,38379.25033,10.55527224,0.916221588,1.471209505,0.534787618
1,吴江区,苏州市,江苏省,2010,79.96,10033900,5155580,902828,840293,270430,6051000,3712500,10165391,125486.4932,11.73995341,1.07442047,1.526920838,0.603055641
0,响水县,盐城市,江苏省,2010,61.33,1351981,447800,108005,184594,294400,648700,408881,652100,22044.36654,10.00081236,0.585094857,0.813546936,0.479814435
1,大丰区,盐城市,江苏省,2010,72.54,2935800,1433500,206686,311737,521700,1286300,1127800,1312000,40471.46402,10.60835241,0.663014015,0.935179508,0.438142925
1,太仓市,苏州市,江苏省,2010,46.89,7303200,2936656,700006,657889,269800,4189600,2843800,6427116,155751.7594,11.95601873,1.064018398,1.282146456,0.573666338
1,如东县,南通市,江苏省,2010,104.84,3523571,2506373,190398,348117,451000,1882513,1190081,1795812,33609.03281,10.42255014,0.546936806,1.220972985,0.534262826
0,如皋市,南通市,江苏省,2010,141.21,4309975,3158452,336880,474512,413500,2448488,1448021,2343747,30521.74067,10.32619452,0.709950433,1.276619702,0.568097959
0,姜堰区,泰州市,江苏省,2010,79.38,3067600,2019365,176013,253958,249100,1652800,1165700,2257272,38644.49483,10.56215961,0.693079171,1.394131243,0.538792541
1,宜兴市,无锡市,江苏省,2010,107.24,8058200,5036441,580218,599126,363200,4471600,3223400,8048150,75141.73816,11.22713145,0.968440695,1.623761014,0.554913008
0,宝应县,扬州市,江苏省,2010,91.38,2428600,1262557,156802,263583,431700,1165800,831100,1164201,26576.93149,10.18779888,0.59488662,0.999241538,0.480029647
0,射阳县,盐城市,江苏省,2010,97.49,2446700,1065200,147500,275540,553700,997000,896000,1128300,25096.93302,10.13050093,0.535312477,0.896513671,0.407487636
1,常熟市,苏州市,江苏省,2010,106.69,14536125,7563040,1000864,953904,294020,8158912,6083193,11283751,136246.368,11.82222006,1.049229273,1.296548496,0.561285212
0,建湖县,盐城市,江苏省,2010,80.89,2459700,1187000,200366,309810,358000,1159329,942400,1122800,30407.96143,10.32245974,0.646738323,0.939057609,0.47132943
1,张家港市,苏州市,江苏省,2010,90.51,16035100,5970374,1160618,1140706,219400,9747500,6068200,11801723,177163.8493,12.08483029,1.017455856,1.108324675,0.607885202
0,扬中市,镇江市,江苏省,2010,27.82,2469900,1506839,147465,168376,82100,1452300,935500,1690412,88781.45219,11.39393304,0.875807716,1.294486012,0.587999514
0,新沂市,徐州市,江苏省,2010,104.01,2411950,710413,175834,303498,360900,1033000,1018050,1067845,23189.59715,10.05145906,0.579358019,0.737269844,0.428284168
1,昆山市,苏州市,江苏省,2010,71.13,21002800,6092794,1631331,1387647,194023,13458617,7350206,13215913,295273.443,12.59565713,1.175609503,0.919339659,0.640801084
0,武进区,常州市,江苏省,2010,100.29,11639000,5684400,851900,715816,369800,7443600,3825600,8469400,116053.445,11.6618061,1.190110308,1.216066672,0.639539479
0,江宁区,南京市,江苏省,2010,93.6,6785766,3167000,903000,837788,321252,4075950,2388516,5341400,72497.5,11.19130736,1.077838308,1.253859918,0.600661738
1,江都区,扬州市,江苏省,2010,106.65,4888800,3135618,268530,329191,367200,2758600,1763000,2480635,45839.66245,10.73290499,0.81572704,1.14879991,0.56426935
1,江阴市,无锡市,江苏省,2010,120.71,20009200,6526236,1307186,1158983,362600,11842300,7804300,14607627,165762.5715,12.01831175,1.127873317,1.056207295,0.591842752
0,沛县,徐州市,江苏省,2010,127.94,3016000,1439169,212441,360103,500000,1442300,1073700,706312,23573.5501,10.0678806,0.589945099,0.711366379,0.47821618
0,沭阳县,宿迁市,江苏省,2010,183.06,3084900,1268508,262599,476818,573300,1357400,1154200,1473107,16851.85185,9.732215832,0.550732145,0.888720866,0.440014263
0,泗洪县,宿迁市,江苏省,2010,101.71,1810000,732285,132628,297481,413000,733100,663900,1038592,17795.69364,9.786711777,0.445836877,0.978385083,0.405027624
0,泗阳县,宿迁市,江苏省,2010,101.73,1922000,807631,125065,274495,372100,922600,627300,1007600,18893.14853,9.846554624,0.455618499,0.944449011,0.480020812
1,泰兴市,泰州市,江苏省,2010,119.62,4075800,2181126,227256,353166,336600,2244500,1494700,1846976,34072.89751,10.43625755,0.643482102,0.988297267,0.550689435
0,洪泽区,淮安市,江苏省,2010,38.08,1051500,371569,106602,182910,186100,460800,404600,565152,27612.92017,10.22603906,0.582811219,0.890842606,0.438231098
0,浦口区,南京市,江苏省,2010,56.45,3691000,1593300,462400,428947,233900,2076600,1380600,2650000,65385.29672,11.08805269,1.077988656,1.149634245,0.562611758
1,海安市,南通市,江苏省,2010,93.42,3555718,3064758,205188,333728,382500,1932590,1240591,2922173,38061.63562,10.54696211,0.614836034,1.683747418,0.543516106
1,海门市,南通市,江苏省,2010,99.86,5001041,3619791,312665,341331,372900,3019515,1608587,2855578,50080.52273,10.82138744,0.916017004,1.294804222,0.603777294
0,涟水县,淮安市,江苏省,2010,109.35,1574500,758323,106804,250438,418900,650500,505100,728659,14398.71971,9.574894572,0.426468827,0.94441537,0.413147031
0,溧水区,南京市,江苏省,2010,41.33,2501594,756257,200168,259800,223806,1566000,711794,1000008,60527.31672,11.01085006,0.770469592,0.702058368,0.626000862
1,溧阳市,常州市,江苏省,2010,78.15,4246600,2629798,290028,334681,301800,2440300,1504500,2991071,54339.09149,10.90299916,0.866580415,1.323616305,0.574647954
0,滨海县,盐城市,江苏省,2010,117.6,1981600,705900,145206,278981,410900,848700,722000,799800,16850.34014,9.732126122,0.520487058,0.759840533,0.42829027
0,灌云县,连云港市,江苏省,2010,100.26,1501300,647709,164685,288577,409900,698800,392600,631374,14974.06742,9.614075146,0.570679576,0.851983614,0.465463265
0,灌南县,连云港市,江苏省,2010,76.16,1400800,424309,181830,304427,291900,703700,405200,418789,18392.85714,9.819717669,0.597286049,0.601868932,0.502355797
0,盱眙县,淮安市,江苏省,2010,77.03,1542500,592886,138348,225577,302100,710500,529900,854929,20024.66571,9.904720078,0.613307208,0.938615883,0.460615883
0,睢宁县,徐州市,江苏省,2010,133.12,2001000,1065322,129388,284511,423600,857000,720400,808866,15031.55048,9.617906636,0.454773278,0.936625687,0.428285857
0,赣榆区,连云港市,江苏省,2010,112.62,2230700,850302,183999,330259,366400,1095600,768700,987158,19807.31664,9.893806676,0.55713546,0.823714529,0.491146277
1,通州区,南通市,江苏省,2010,124.64,5079983,3956610,338858,415348,404000,2958912,1717050,3064707,40757.24487,10.61538889,0.815841174,1.382153641,0.582464941
0,邳州市,徐州市,江苏省,2010,178.62,3653900,1195898,230985,411118,595800,1607500,1450600,1241637,20456.27589,9.926045004,0.561845991,0.667105011,0.439940885
1,金坛区,常州市,江苏省,2010,54.9,3082800,1789984,180280,221616,219700,1737100,1126000,1936416,56153.00546,10.93583548,0.813479171,1.208771247,0.563481251
0,金湖县,淮安市,江苏省,2010,35.94,985500,517219,87529,161627,169400,431600,384500,719662,27420.70117,10.21905352,0.54154937,1.255079655,0.437950279
0,阜宁县,盐城市,江苏省,2010,109.64,2061600,1035300,164499,331497,377300,979400,704900,1020000,18803.35644,9.841790667,0.496230735,0.996944121,0.475067908
1,靖江市,泰州市,江苏省,2010,66.82,4410000,2347208,368898,329961,148300,2537800,1723900,2954121,65998.20413,11.09738281,1.118004855,1.20211542,0.575464853
0,高淳区,南京市,江苏省,2010,42.72,2472591,736350,135008,191374,234596,1412900,825091,992378,57879.00281,10.96610995,0.705466782,0.699156472,0.571424874
0,高邮市,扬州市,江苏省,2010,82.08,2558100,1515854,144158,232019,443800,1275400,838900,1225460,31165.93567,10.34708097,0.621319806,1.071621125,0.49857316
1,东台市,盐城市,江苏省,2011,113.4,4479234,2670070,359200,537016,714934,2054300,1710000,2097810,39499.41799,10.58404122,0.668881374,1.064440929,0.458627524
0,东海县,连云港市,江苏省,2011,116.24,2456700,1033104,235008,433497,454200,1164400,838100,1100246,21134.72127,9.958672525,0.542121399,0.868380348,0.473969146
0,丰县,徐州市,江苏省,2011,115.08,1906100,1038767,196600,403976,402834,869800,633500,848770,16563.26034,9.714942289,0.486662574,0.990261266,0.456324432
1,丹阳市,镇江市,江苏省,2011,81.29,7249000,3139591,411318,436416,388000,4002000,2859000,4651783,89174.56022,11.39835108,0.942490651,1.074820527,0.552076148
1,仪征市,扬州市,江苏省,2011,56.62,3334065,1722226,205806,323035,177065,1961900,1195100,1427984,58884.93465,10.98334056,0.637101243,0.944855604,0.588440837
0,六合区,南京市,江苏省,2011,89.35,6990200,2883100,430243,539900,384900,5037300,1568000,3593400,78233.91158,11.26745848,0.796893869,0.926511402,0.720623158
1,兴化市,泰州市,江苏省,2011,157.3,4594706,2348807,255640,493635,741806,2028300,1824600,2318826,29209.82835,10.28226052,0.517872517,1.015871962,0.441442826
1,句容市,镇江市,江苏省,2011,58.91,2918916,1464224,205008,309249,275616,1578600,1064700,1668629,49548.73536,10.81071202,0.662922111,1.073293305,0.540817207
1,启东市,南通市,江苏省,2011,112.41,5201681,4061126,440716,532719,559581,2771100,1871000,3227786,46274.18379,10.7423395,0.827295441,1.401260862,0.53273163
1,吴江区,苏州市,江苏省,2011,80.18,11922827,5556569,1128772,1080593,309727,6994800,4618300,12133256,148700.7608,11.90969125,1.044585704,1.483693842,0.586672943
0,响水县,盐城市,江苏省,2011,61.57,1611600,514043,170057,262384,325010,796200,490400,754182,26175.08527,10.17256329,0.648122599,0.786935344,0.494043187
1,大丰区,盐城市,江苏省,2011,72.53,3469600,1660209,300666,414375,579000,1533900,1356700,1650663,47836.7572,10.7755496,0.72558914,0.954251787,0.442097072
1,太仓市,苏州市,江苏省,2011,47.04,8675326,3254137,854061,805089,308826,4857200,3509300,7494936,184424.4473,12.12499516,1.060828058,1.239039663,0.559886741
1,如东县,南通市,江苏省,2011,104.75,4254500,2967426,253906,424067,504966,2231300,1518200,2135394,40615.75179,10.61191125,0.598740293,1.199393583,0.524456458
1,如皋市,南通市,江苏省,2011,142.26,5206698,3704019,456307,605433,469898,2888200,1848600,2915440,36599.87347,10.50780006,0.753687031,1.271335307,0.55470857
0,姜堰区,泰州市,江苏省,2011,79.45,3640792,2187713,221874,305569,288892,1921700,1430200,2651305,45824.94651,10.73258391,0.726101142,1.329111358,0.527824715
1,宜兴市,无锡市,江苏省,2011,107.61,9803889,5468085,711968,757037,424800,5360200,4018900,9385006,91105.74296,11.41977612,0.940466582,1.515020315,0.546742216
0,宝应县,扬州市,江苏省,2011,91.42,2915300,1612511,343859,429914,497540,1394500,1023300,1561404,31889.08335,10.37001902,0.799832059,1.088709567,0.478338421
0,射阳县,盐城市,江苏省,2011,97.37,2879800,1123238,190100,358292,636574,1177800,1065400,1333492,29575.84472,10.29471325,0.530572829,0.853090492,0.408986735
1,常熟市,苏州市,江苏省,2011,106.72,17104538,8235701,1225011,1150183,336538,9380700,7387300,13191501,160274.9063,11.98464578,1.065057473,1.252720301,0.548433404
0,建湖县,盐城市,江苏省,2011,80.49,2887700,1333369,282508,445750,385061,1380200,1122400,1386980,35876.5064,10.48783794,0.633781268,0.942046958,0.477958237
1,张家港市,苏州市,江苏省,2011,90.79,18602816,6656161,1423188,1327723,250316,10980100,7372400,13091502,204899.3942,12.23027438,1.071901293,1.061541597,0.590238596
0,扬中市,镇江市,江苏省,2011,28.01,3000480,1645534,195958,221786,100080,1718200,1182200,1958215,107121.7422,11.58172124,0.8835454,1.201057497,0.572641711
1,新沂市,徐州市,江苏省,2011,104.7,3013699,978517,265085,431830,421399,1299400,1292900,1304818,28784.13563,10.26757967,0.613864252,0.757651975,0.431164493
1,昆山市,苏州市,江苏省,2011,72.36,24322533,6840035,2002188,1745761,221733,15100600,9000200,14430640,336132.2968,12.7252601,1.146885513,0.874525486,0.620848166
0,武进区,常州市,江苏省,2011,102.37,13769600,6188364,1052800,1058968,406515,8671400,4691700,10041943,134508.1567,11.80938012,0.994175461,1.178705772,0.629749593
0,江宁区,南京市,江苏省,2011,93.97,8294200,3732600,1150700,1056574,382091,4766700,3145400,5967300,88264.33968,11.38809145,1.089086046,1.169479878,0.574702804
1,江都区,扬州市,江苏省,2011,106.86,5780200,3503207,170057,96969,421027,3189000,2170200,2805211,54091.33446,10.89842928,1.753725417,1.091384035,0.551711013
1,江阴市,无锡市,江苏省,2011,120.88,23358700,6992315,1533727,1364371,430200,13543100,9385400,16409350,193238.7492,12.17168175,1.124127528,1.001839357,0.579788259
1,沛县,徐州市,江苏省,2011,127.12,3769800,1615171,319008,507852,598389,1810900,1360900,892845,29655.44368,10.29740099,0.628151509,0.665291527,0.480370311
0,沭阳县,宿迁市,江苏省,2011,186.45,4104500,1504456,372827,641145,658580,1855700,1590200,1780522,22013.94476,9.999431384,0.581501844,0.800335729,0.452113534
0,泗洪县,宿迁市,江苏省,2011,102.55,2260500,815338,148848,357239,446000,937000,877500,1206814,22042.9059,10.0007461,0.416662235,0.894559611,0.414510064
0,泗阳县,宿迁市,江苏省,2011,103.32,2381800,948874,173330,354579,425447,1192700,764100,1236328,23052.65196,10.04553609,0.488833236,0.917458225,0.500755731
1,泰兴市,泰州市,江苏省,2011,120.21,4863900,2506309,279040,418759,392300,2648800,1822800,2280092,40461.69204,10.60811093,0.666349858,0.98406649,0.544583565
0,洪泽区,淮安市,江苏省,2011,38.32,1338300,417326,148545,232818,220740,591600,526000,673670,34924.3215,10.46093876,0.638030565,0.815210341,0.442053351
0,浦口区,南京市,江苏省,2011,58.04,4345600,1735100,526500,514397,270100,2505000,1570500,2743100,74872.50172,11.22354197,1.02352852,1.030513623,0.57644514
1,海安市,南通市,江苏省,2011,93.71,4295200,3564639,285060,430909,429429,2280100,1585700,3622292,45835.02294,10.73280377,0.661531785,1.673247113,0.530848389
1,海门市,南通市,江苏省,2011,99.99,5903315,4093030,423512,476495,413915,3482200,2007200,3401618,59039.05391,10.98595443,0.888806808,1.269565998,0.589871962
0,涟水县,淮安市,江苏省,2011,110.34,1945400,867160,202809,385518,474276,767800,703300,897642,17630.95885,9.777411662,0.526068822,0.90716665,0.394674617
0,溧水区,南京市,江苏省,2011,41.7,3037700,897400,250008,315545,260079,1885700,891900,1326400,72846.52278,11.19611008,0.792305376,0.732067024,0.620765711
1,溧阳市,常州市,江苏省,2011,78.73,5037808,2882400,371280,443228,344908,2839200,1853700,3612607,63988.41611,11.06645735,0.83767271,1.289252588,0.563578445
0,滨海县,盐城市,江苏省,2011,120.05,2380000,814155,207728,383562,454100,1043400,882500,959826,19825.07289,9.894702723,0.541576069,0.745370168,0.438403361
0,灌云县,连云港市,江苏省,2011,101.82,1922200,734154,216093,359118,442922,902900,576400,828716,18878.41289,9.845774373,0.601732578,0.813063157,0.469722193
0,灌南县,连云港市,江苏省,2011,77.52,1823300,499950,222193,376717,343300,913800,566200,548902,23520.38184,10.06562264,0.589814104,0.575249273,0.501179181
0,盱眙县,淮安市,江苏省,2011,77.47,1911900,723183,201067,363630,357905,841700,712300,1044938,24679.23067,10.11371731,0.552943927,0.924797845,0.440242691
0,睢宁县,徐州市,江苏省,2011,135.46,2523600,1281978,202026,423914,509000,1093500,921100,982607,18629.85383,9.832520618,0.476573079,0.897362894,0.433309558
0,赣榆区,连云港市,江苏省,2011,114.07,2830700,1028432,238099,446294,434300,1444400,952000,1176374,24815.46419,10.11922229,0.533502579,0.778890734,0.510262479
1,通州区,南通市,江苏省,2011,125.25,6047100,4514313,424002,533768,439735,3431300,2176100,3710601,48280.23952,10.78477764,0.79435635,1.360141886,0.567429016
1,邳州市,徐州市,江苏省,2011,178.63,4488573,1355304,350813,534465,699173,1985000,1804400,1498377,25127.76689,10.13172876,0.656381615,0.635765755,0.442234091
1,金坛区,常州市,江苏省,2011,55.15,3651000,2000100,230758,297159,240800,2039400,1370800,2278137,66201.26927,11.10045491,0.776547236,1.171798685,0.558586689
0,金湖县,淮安市,江苏省,2011,35.71,1219600,618847,130018,224182,200044,509200,509400,811533,34152.89835,10.43860273,0.579966277,1.172827156,0.417513939
0,阜宁县,盐城市,江苏省,2011,110.37,2440900,1161042,231366,410424,423017,1171400,846500,1261863,22115.61113,10.00403902,0.563724344,0.992627719,0.479904953
1,靖江市,泰州市,江苏省,2011,67.15,5389770,2618728,486814,414965,174070,3062500,2153200,3528399,80264.63142,11.29308435,1.173144723,1.140517499,0.568206064
0,高淳区,南京市,江苏省,2011,43.1,3028200,825300,180037,273021,270902,1710900,1046400,1332000,70259.86079,11.15995594,0.659425465,0.712403408,0.564989102
0,高邮市,扬州市,江苏省,2011,82.06,3024990,1431274,259526,274140,504690,1456300,1064000,1375302,36863.14892,10.51496766,0.946691472,0.927796786,0.481423079
1,东台市,盐城市,江苏省,2012,113.59,5066899,3242038,436725,627508,783298,2318900,1964701,2311738,44606.91082,10.70564408,0.695967223,1.096089739,0.457656646
0,东海县,连云港市,江苏省,2012,118.02,2773000,1218301,274607,480020,510200,1273700,989100,1334096,23496.01762,10.06458622,0.57207408,0.920446087,0.459322034
0,丰县,徐州市,江苏省,2012,116.62,2287300,1292601,249166,472552,463900,1038200,785200,966398,19613.27388,9.883961855,0.527277421,0.987626896,0.453897609
1,丹阳市,镇江市,江苏省,2012,81.17,8305068,3723500,500876,543083,447913,4477600,3379555,5881108,102316.9644,11.53583077,0.922282598,1.15647554,0.539140679
1,仪征市,扬州市,江苏省,2012,56.24,3702700,1942330,246578,264386,193000,2128600,1381100,1835797,65837.48222,11.09494459,0.932643937,1.02037081,0.574877792
0,六合区,南京市,江苏省,2012,89.25,7720300,3422100,496609,586773,438300,5345300,1936700,4194500,86501.96078,11.36792236,0.846339215,0.986567879,0.692369468
0,兴化市,泰州市,江苏省,2012,157.28,5123600,2754756,294622,586835,815400,2225000,2083200,2642562,32576.29705,10.39134022,0.502052536,1.053422984,0.43426497
0,句容市,镇江市,江苏省,2012,58.84,3368600,1761669,250158,358564,317100,1778900,1272600,2160984,57250.16995,10.95518589,0.697666246,1.164475747,0.528082883
1,启东市,南通市,江苏省,2012,112.38,5891385,4817066,522149,595882,614819,3060885,2215681,4027257,52423.78537,10.86711569,0.876262414,1.501229847,0.519552703
1,吴江区,苏州市,江苏省,2012,80.49,13214900,6349442,1193202,1088494,342700,7501400,5370800,15050925,164180.6436,12.00872259,1.096195294,1.619411952,0.567647126
0,响水县,盐城市,江苏省,2012,61.48,1813540,577564,197301,358616,355840,898500,559200,813966,29498.04815,10.29207938,0.550173445,0.767300418,0.495439858
1,大丰区,盐城市,江苏省,2012,72.53,3933600,1980996,400066,554150,633400,1738200,1562000,2034787,54234.11002,10.90106533,0.721945322,1.020892567,0.441885296
1,太仓市,苏州市,江苏省,2012,47.26,9551190,3771664,901516,861596,336090,5203600,4011500,8634100,202098.8151,12.21651204,1.04633262,1.298871031,0.544811694
1,如东县,南通市,江苏省,2012,104.6,4780018,3487182,321681,544423,565628,2430255,1784136,2478169,45698.06883,10.72981132,0.590865926,1.247976681,0.508419634
1,如皋市,南通市,江苏省,2012,142.5,5901668,4360984,536012,710821,527722,3184929,2189018,3545302,41415.21404,10.63140358,0.754074514,1.339669734,0.539665905
0,姜堰区,泰州市,江苏省,2012,79.31,4058600,2542255,235406,349522,316800,2108000,1633800,3057948,51173.87467,10.84298442,0.673508391,1.37983615,0.519390923
1,宜兴市,无锡市,江苏省,2012,107.73,10859800,6486394,783811,825222,476800,5812200,4570800,11155718,100805.718,11.52095036,0.949818352,1.624533785,0.535203227
0,宝应县,扬州市,江苏省,2012,90.31,3230300,1718810,207118,370411,554300,1518500,1157500,1634133,35769.01783,10.48483737,0.55915726,1.037966443,0.470080178
0,射阳县,盐城市,江苏省,2012,96.66,3203117,1321664,208036,438319,695917,1293800,1213400,1535072,33137.97848,10.40843529,0.474622364,0.891861271,0.403919058
1,常熟市,苏州市,江苏省,2012,106.78,18701900,9071807,1281504,1282681,370200,9969500,8362200,15097397,175144.2218,12.07336504,0.999082391,1.292339495,0.53307418
0,建湖县,盐城市,江苏省,2012,80.41,3244700,1618917,329366,532899,421300,1543500,1279900,1718331,40351.94628,10.60539491,0.618064586,1.028522822,0.475698832
1,张家港市,苏州市,江苏省,2012,91.02,20505800,7467598,1496131,1429162,275300,11755100,8475440,14907525,225288.9475,12.32513907,1.046858929,1.091160696,0.573257322
0,扬中市,镇江市,江苏省,2012,28.09,3602000,1985973,225741,253612,115000,2026900,1460100,2390287,128230.6871,11.76158616,0.890103781,1.214952804,0.562715158
0,新沂市,徐州市,江苏省,2012,107.15,3501600,1240984,328492,528311,479100,1494400,1528100,1571333,32679.42137,10.39450084,0.621777703,0.803151988,0.426776331
1,昆山市,苏州市,江苏省,2012,73.76,27253200,7871314,2202750,1951473,244600,16312500,10696100,16013914,369484.8156,12.81986492,1.128762735,0.876419209,0.598553564
0,武进区,常州市,江苏省,2012,102.62,15366900,7164191,1170475,1119153,460700,9218900,5687300,11297790,149745.6636,11.91669356,1.045857894,1.201412191,0.599919307
0,江宁区,南京市,江苏省,2012,94.59,9457000,4483600,1358088,1247924,433800,5410200,3613000,6610400,99978.85612,11.512714,1.088277812,1.173099292,0.57208417
1,江都区,扬州市,江苏省,2012,106.88,6390600,4140083,345433,406553,462500,3413483,2514600,3412118,59792.29042,10.99863201,0.849662898,1.181767127,0.534141239
1,江阴市,无锡市,江苏省,2012,121.26,25353800,7924871,1671918,1540005,476900,14439100,10437800,18116495,209086.2609,12.25050218,1.085657514,1.027118854,0.569504374
0,沛县,徐州市,江苏省,2012,128.67,4313000,1918117,389620,618053,679100,2038100,1595800,1087704,33519.857,10.41989329,0.630399011,0.696921169,0.47254811
0,沭阳县,宿迁市,江苏省,2012,186.82,4805000,1839553,487877,782009,717600,2204900,1882500,2238420,25719.94433,10.15502201,0.623876452,0.848693652,0.458876171
0,泗洪县,宿迁市,江苏省,2012,105.45,2646300,1092583,197594,444240,491700,1111400,1043200,1594089,25095.30583,10.13043609,0.444791104,1.015256018,0.419982617
0,泗阳县,宿迁市,江苏省,2012,103.6,2737368,1117529,217642,419990,462068,1379700,895600,1573183,26422.47104,10.1819701,0.518207576,0.98295589,0.504024304
1,泰兴市,泰州市,江苏省,2012,119.83,5435500,2945372,326121,505795,428000,2911500,2096000,2721908,45360.09347,10.722388,0.644769126,1.042641891,0.535645295
0,洪泽区,淮安市,江苏省,2012,38.59,1550900,486983,171008,284305,251700,668900,630300,786527,40189.16818,10.60135279,0.601494873,0.821142562,0.431297956
0,浦口区,南京市,江苏省,2012,59.49,4989800,2137300,634125,633280,305700,2770400,1913700,2989000,83876.28173,11.33709816,1.001334323,1.027355806,0.555212634
0,海安市,南通市,江苏省,2012,93.87,4801406,4266525,375279,552958,476897,2463012,1861497,4543332,51149.52594,10.8425085,0.678675415,1.834849417,0.51297724
1,海门市,南通市,江苏省,2012,99.97,6630972,4818357,516092,559553,464998,3775976,2389997,4213989,66329.61889,11.10239182,0.922329073,1.362145097,0.569445324
0,涟水县,淮安市,江苏省,2012,111.39,2286400,1044678,216161,436561,450100,936600,899700,1071676,20526.07954,9.929451529,0.495145008,0.925627187,0.409639608
0,溧水区,南京市,江苏省,2012,41.88,3693800,1112000,291998,349708,293300,2221100,1179400,1608400,88199.61796,11.38735791,0.834976609,0.73647734,0.601304889
1,溧阳市,常州市,江苏省,2012,78.99,5592000,3325363,404988,458353,390200,3065800,2136000,4366450,70793.77136,11.1675263,0.883572269,1.37550304,0.548247496
0,滨海县,盐城市,江苏省,2012,120.05,2676910,971375,249441,480926,497010,1178900,1001000,1099427,22298.29238,10.01226538,0.518668153,0.773579239,0.44039583
0,灌云县,连云港市,江苏省,2012,102.01,2202900,871626,258598,410191,503400,1022300,677200,977861,21594.94167,9.980214384,0.63043314,0.839569204,0.464070089
0,灌南县,连云港市,江苏省,2012,78.73,2104700,620623,255941,418773,393900,1052800,658000,692602,26733.13857,10.19365922,0.611168819,0.623948781,0.500213807
0,盱眙县,淮安市,江苏省,2012,78.3,2218800,899553,231523,402616,404900,965000,848900,1347980,28337.16475,10.25192946,0.575046695,1.012949793,0.434919776
0,睢宁县,徐州市,江苏省,2012,137.36,3024500,1525560,255645,486170,571800,1323400,1129300,1172305,22018.78276,9.99965113,0.525834585,0.892003637,0.437559927
0,赣榆区,连云港市,江苏省,2012,115.58,3313600,1213896,292104,536889,504600,1660700,1148300,1406863,28669.31995,10.26358284,0.544067768,0.790909887,0.501176968
1,通州区,南通市,江苏省,2012,125.74,6801193,5320833,525194,669804,487452,3743024,2570716,4446513,54089.33514,10.89839231,0.784101021,1.436122457,0.550348152
0,邳州市,徐州市,江苏省,2012,179.86,5134900,1677574,421211,682153,793200,2236400,2105300,1889226,28549.42733,10.25939216,0.617472913,0.694619175,0.435529416
1,金坛区,常州市,江苏省,2012,55.31,3738100,2295867,231104,317181,276400,1978000,1483700,2868982,67584.52359,11.12113429,0.728618675,1.38167759,0.529145823
0,金湖县,淮安市,江苏省,2012,35.71,1423900,766948,153541,253333,229400,584200,610300,1036396,39873.98488,10.59347938,0.606083692,1.266482197,0.410281621
0,阜宁县,盐城市,江苏省,2012,110.88,2749904,1357041,254766,465544,463404,1316100,970400,1388188,24800.7215,10.11862802,0.547243655,0.998299941,0.478598526
1,靖江市,泰州市,江苏省,2012,66.66,6008500,3146481,440139,477737,188800,3358800,2460900,4088648,90136.51365,11.40908062,0.921299795,1.204148956,0.559008072
0,高淳区,南京市,江苏省,2012,43.26,3652700,1005800,220018,317323,302900,1933100,1416700,1567900,84435.96856,11.34374876,0.693356611,0.704602075,0.529224957
0,高邮市,扬州市,江苏省,2012,81.74,3360000,2034064,217246,369829,559600,1560500,1239900,1677902,41105.94568,10.62390805,0.587422836,1.104751786,0.464434524
1,东台市,盐城市,江苏省,2013,113.58,5640900,3755214,524613,734736,841000,2523400,2276500,2672204,49664.55362,10.81304675,0.714015646,1.139431296,0.447339963
0,东海县,连云港市,江苏省,2013,120.2,3201700,1397195,327753,539656,580900,1446000,1174800,1539982,26636.43927,10.19003545,0.607336896,0.917380454,0.451635069
0,丰县,徐州市,江苏省,2013,118.23,2817800,1560756,312170,541357,538000,1280400,999400,1146818,23833.20646,10.07883512,0.576643509,0.960882249,0.454397047
1,丹阳市,镇江市,江苏省,2013,81.33,9251500,4221479,604228,698504,497500,4840600,3913400,7293624,113752.6128,11.64178131,0.865031553,1.244674161,0.523223261
1,仪征市,扬州市,江苏省,2013,56.42,4101600,2232298,283697,334873,212300,2317500,1571800,2177605,72697.62496,11.19406399,0.847177885,1.07516652,0.565023406
0,六合区,南京市,江苏省,2013,89.74,8816300,3795300,627171,623863,490400,5816700,2509200,4807000,98242.70114,11.49519624,1.005302446,0.975726779,0.659766569
0,兴化市,泰州市,江苏省,2013,157.79,5758400,3221913,335279,674296,876700,2481000,2400700,3205938,36494.0744,10.50490518,0.49722822,1.116256425,0.430848847
0,句容市,镇江市,江苏省,2013,58.94,3856500,2061088,305106,396805,370800,1960100,1525600,2719187,65430.94673,11.08875062,0.768906642,1.239537145,0.508258784
1,启东市,南通市,江苏省,2013,112.35,6583100,5643659,585350,688660,652583,3333504,2597046,4873039,58594.57054,10.97839732,0.849984027,1.597529735,0.506372985
1,吴江区,苏州市,江苏省,2013,80.86,14154700,7008151,1295133,1229246,381000,7739000,6034700,17719756,175051.9416,12.07283802,1.053599524,1.746974998,0.546744191
0,响水县,盐城市,江苏省,2013,61.77,2031200,619493,239849,382077,380800,1004700,645700,946264,32883.27667,10.4007195,0.627750427,0.77085319,0.494633714
1,大丰区,盐城市,江苏省,2013,72.54,4435200,2350474,500666,686160,686000,1941500,1807700,2386002,61141.43921,11.02094513,0.729663635,1.067928391,0.437748016
1,太仓市,苏州市,江苏省,2013,47.45,10022796,4208246,1001346,923624,368400,5324600,4329796,9949189,211228.5774,12.26069613,1.084148961,1.412523511,0.531248965
1,如东县,南通市,江苏省,2013,104.38,5360345,4109071,406572,671073,621106,2639324,2099916,3024500,51354.13872,10.84650081,0.605853611,1.330804454,0.492379502
0,如皋市,南通市,江苏省,2013,143.22,6570100,5060217,601318,834858,570416,3433290,2566394,4434876,45874.17958,10.7336577,0.720263805,1.445197638,0.522562822
0,姜堰区,泰州市,江苏省,2013,79.57,4528900,2984422,269211,391577,341200,2319200,1868500,3495896,56917.17984,10.9493525,0.687504629,1.430881229,0.512089028
1,宜兴市,无锡市,江苏省,2013,107.88,11902300,7423976,866131,910203,517100,6294400,5090800,12404714,110329.0693,11.61122272,0.951580032,1.665954479,0.528838964
0,宝应县,扬州市,江苏省,2013,90.72,3644200,1970199,237190,419540,599400,1687600,1357200,1977732,40169.75309,10.60086958,0.565357296,1.083346413,0.463092037
0,射阳县,盐城市,江苏省,2013,96.63,3514700,1642327,225000,450806,746900,1372900,1394900,1710843,36372.76208,10.50157548,0.499106046,0.954041597,0.390616553
1,常熟市,苏州市,江苏省,2013,106.73,19803074,9874241,1385809,1280824,405047,10482875,8915152,16584989,185543.6522,12.13104546,1.081966765,1.336117312,0.529355947
0,建湖县,盐城市,江苏省,2013,80.25,3607500,1902791,384166,597668,450600,1677800,1479100,2090612,44953.27103,10.71337881,0.642774919,1.106972419,0.465086625
1,张家港市,苏州市,江苏省,2013,91.47,21453100,8327173,1541828,1450240,304100,11923400,9225600,16755670,234537.0067,12.36536867,1.063153685,1.169194336,0.55578914
0,扬中市,镇江市,江苏省,2013,28.18,3951000,2297594,271497,315004,126500,2152500,1672000,2931575,140205.8197,11.85086676,0.861884294,1.323505189,0.544798785
0,新沂市,徐州市,江苏省,2013,109.66,4122200,1398079,396198,617017,524300,1748900,1849000,1862149,37590.735,10.53451289,0.642118451,0.790895153,0.424263743
1,昆山市,苏州市,江苏省,2013,75.29,29200800,8804802,2435188,2217013,269400,16910900,12020500,18148993,387844.3352,12.86835934,1.098409436,0.923049882,0.579124545
0,武进区,常州市,江苏省,2013,102.93,17258500,8867427,1258427,1198885,504500,9764300,6989700,13163223,167672.2044,12.02976619,1.04966448,1.276510125,0.565767593
0,江宁区,南京市,江苏省,2013,95.62,11544900,5264200,1563705,1365943,481900,6057000,5006000,7975600,120737.2935,11.70137234,1.144780566,1.146809414,0.524647247
1,江都区,扬州市,江苏省,2013,106.93,7130600,4672524,415993,498468,509000,3690600,2931000,4126727,66684.74703,11.10773153,0.83454304,1.234012706,0.517572154
1,江阴市,无锡市,江苏省,2013,121.73,27060600,8723557,1822785,1711927,515300,15180700,11364600,19874376,222300.1725,12.31178388,1.064756266,1.056810751,0.560989039
0,沛县,徐州市,江苏省,2013,128.91,4953700,2214804,460122,672191,764700,2282000,1907000,1417916,38427.58514,10.55653084,0.684510801,0.733334679,0.460665765
0,沭阳县,宿迁市,江苏省,2013,190.95,5435100,2147919,581617,904119,758000,2517900,2159200,2664597,28463.47211,10.25637686,0.643296955,0.885451234,0.463266545
0,泗洪县,宿迁市,江苏省,2013,107.51,3002800,1359773,241758,504500,496000,1298400,1208400,2098476,27930.42508,10.23747188,0.479203171,1.15167477,0.43239643
0,泗阳县,宿迁市,江苏省,2013,105.18,3052000,1355067,262854,504474,475000,1568300,1008700,2044778,29016.92337,10.2756345,0.521045683,1.113972805,0.513859764
1,泰兴市,泰州市,江苏省,2013,119.95,6106100,3409073,382003,554795,460100,3225700,2420300,3233354,50905.37724,10.83772384,0.688548022,1.087834624,0.528275004
0,洪泽区,淮安市,江苏省,2013,38.8,1780600,580641,201353,312074,280300,758800,741500,931124,45891.75258,10.7340407,0.645209149,0.849019993,0.426148489
0,浦口区,南京市,江苏省,2013,61.09,5979900,2317100,753744,727626,339600,3124600,2515700,3518500,97886.7245,11.49156622,1.035894814,0.975869162,0.522517099
1,海安市,南通市,江苏省,2013,94.18,5387345,4976405,466342,645808,520850,2664839,2201656,5833397,57202.64387,10.9543554,0.722106261,2.006517496,0.49464792
1,海门市,南通市,江苏省,2013,100.06,7400113,5573105,611749,663692,507600,4076043,2816471,5229602,73956.75595,11.21123582,0.921736287,1.459802979,0.550808211
0,涟水县,淮安市,江苏省,2013,112.1,2603100,1209702,257388,486171,480000,1059200,1063900,1347431,23221.23104,10.05282227,0.529418661,0.982341439,0.406899466
0,溧水区,南京市,江苏省,2013,42.33,4507000,1391800,354008,429320,326200,2502100,1678700,2088800,106472.9506,11.57564625,0.824578403,0.772265365,0.555158642
1,溧阳市,常州市,江苏省,2013,79.01,6372000,3873800,456018,520117,426100,3384300,2561600,5362069,80648.01924,11.29784952,0.876760421,1.449445857,0.531120527
0,滨海县,盐城市,江苏省,2013,120.1,3001000,1147873,290726,530104,529800,1315400,1155800,1347365,24987.51041,10.1261314,0.548432006,0.831468844,0.43832056
0,灌云县,连云港市,江苏省,2013,103.58,2499200,1037328,308766,499939,561700,1155600,781900,1158182,24128.21008,10.09113698,0.617607348,0.878485115,0.462387964
0,灌南县,连云港市,江苏省,2013,80.34,2359000,726701,305348,477700,427200,1171800,760000,886714,29362.70849,10.28748073,0.639204522,0.683940229,0.496735905
0,盱眙县,淮安市,江苏省,2013,79.27,2601500,1086721,271299,456832,461300,1104900,1035300,1750725,32818.21622,10.39873901,0.593870394,1.090696137,0.42471651
0,睢宁县,徐州市,江苏省,2013,140.74,3601600,1807558,319225,571385,624600,1586800,1390200,1392059,25590.45048,10.14997453,0.55868635,0.888387661,0.440581964
0,赣榆区,连云港市,江苏省,2013,117.85,3764100,1416602,349262,594652,562400,1875500,1326200,1707548,31939.75392,10.37160672,0.587338477,0.82998592,0.498259876
1,通州区,南通市,江苏省,2013,126.27,7594600,6287955,611832,772412,531400,4041400,3021900,5241294,60145.71949,11.00452555,0.792105767,1.518085087,0.532141258
0,邳州市,徐州市,江苏省,2013,182.95,5991400,2082612,488847,777384,896400,2575000,2520000,2260353,32748.83848,10.39662277,0.628835942,0.724866475,0.429782689
1,金坛区,常州市,江苏省,2013,55.16,4061200,2646864,258892,333049,301500,2115600,1644100,3387533,73625.81581,11.206751,0.77733907,1.485865508,0.520929774
0,金湖县,淮安市,江苏省,2013,35.74,1664200,892886,182696,318549,260300,674100,729800,1189947,46564.07387,10.74858458,0.57352558,1.251552097,0.405059488
0,阜宁县,盐城市,江苏省,2013,111.07,3021700,1629140,294470,514699,495600,1407600,1118500,1739671,27205.36599,10.21116951,0.572120793,1.114872754,0.465830493
1,靖江市,泰州市,江苏省,2013,66.79,6704300,3550553,494681,537564,201900,3680200,2822200,5018750,100378.7992,11.5167063,0.920227173,1.278180123,0.548931283
0,高淳区,南京市,江苏省,2013,43.53,4417500,1157000,255207,376996,333200,2222700,1861600,1949900,101481.7367,11.52763413,0.676948827,0.703316355,0.503157895
0,高邮市,扬州市,江苏省,2013,81.82,3815000,2341370,254408,411469,627900,1733100,1454000,2059128,46626.74163,10.74992951,0.618292022,1.153472608,0.454285714
1,东台市,盐城市,江苏省,2014,113.73,6103300,4254769,613138,842577,846000,2618100,2639200,3010139,53664.82019,10.89051295,0.72769373,1.190324579,0.428964658
1,东海县,连云港市,江苏省,2014,121.95,3593200,1627416,372008,617361,569500,1631300,1392400,1815055,29464.53465,10.2909426,0.602577746,0.958051597,0.453996438
0,丰县,徐州市,江苏省,2014,120.05,3416300,1902973,381167,627100,629700,1539700,1246900,1280908,28457.30945,10.25616033,0.607824908,0.931967626,0.450692269
1,丹阳市,镇江市,江苏省,2014,81.35,10089655,4535458,641648,749296,472255,5185800,4431600,7917358,124027.7197,11.72826037,0.856334479,1.234216234,0.513971984
0,仪征市,扬州市,江苏省,2014,56.56,4650598,2481310,346619,415095,211298,2557600,1881700,2578528,82224.15134,11.31720435,0.835035353,1.087997286,0.549950781
0,六合区,南京市,江苏省,2014,90.25,8926900,4050000,649871,576154,518100,5378600,3030200,5511800,98913.01939,11.50199615,1.127946695,1.071122114,0.602515991
1,兴化市,泰州市,江苏省,2014,158.0,6248328,3740601,369510,735590,890828,2642800,2714700,3525406,39546.37975,10.58522943,0.502331462,1.162872212,0.422961151
0,句容市,镇江市,江苏省,2014,59.05,4409666,2374988,359087,436489,372666,2154200,1882800,3154061,74676.81626,11.22092496,0.822671362,1.25384757,0.488517724
1,启东市,南通市,江苏省,2014,112.32,7391287,6379608,672463,740076,629331,3690300,3071700,5500423,65805.61788,11.09446049,0.908640464,1.607302084,0.499277054
0,吴江区,苏州市,江苏省,2014,81.44,14865100,7387036,1373583,1262843,395300,7945400,6524400,19713130,182528.2417,12.11466019,1.087691027,1.823073239,0.534500272
0,响水县,盐城市,江苏省,2014,62.48,2226450,673193,278242,436672,381600,1051100,787300,1034664,35634.60307,10.48107244,0.637187637,0.767076287,0.472096836
1,大丰区,盐城市,江苏省,2014,72.54,4867000,2743841,600166,829020,686800,2044200,2136000,2834331,67094.01709,11.11385015,0.723946346,1.146121225,0.420012328
1,太仓市,苏州市,江苏省,2014,47.74,10653368,4506142,1064727,976823,352448,5566520,4734400,10680261,223153.9171,12.31561702,1.089989691,1.425502527,0.522512693
1,如东县,南通市,江苏省,2014,104.37,6155074,4787332,500127,791961,621674,2971100,2562300,3429030,58973.59394,10.98484506,0.631504582,1.334892481,0.482707438
0,如皋市,南通市,江苏省,2014,143.69,7436376,5762695,674450,912914,575976,3772400,3088000,5197046,51752.91252,10.85423599,0.738788101,1.473801352,0.50729011
0,姜堰区,泰州市,江苏省,2014,79.44,4885189,3387575,303528,442822,351600,2429900,2103700,3863686,61495.32981,11.02671651,0.685440199,1.484335816,0.497401431
1,宜兴市,无锡市,江苏省,2014,108.19,12338824,8195344,944501,1002919,499224,6431500,5408100,13259847,114047.7308,11.64437233,0.941752026,1.73883597,0.521240922
0,宝应县,扬州市,江苏省,2014,91.13,4182974,2285140,272770,462474,615974,1898000,1669000,2297108,45901.17415,10.73424598,0.58980613,1.095452183,0.453744154
0,射阳县,盐城市,江苏省,2014,96.78,3701000,1966054,175000,450670,721400,1394700,1584900,1917406,38241.37218,10.55167325,0.388310737,1.049300189,0.376844096
1,常熟市,苏州市,江苏省,2014,106.88,20093636,10219900,1474042,1380187,384036,10615500,9094100,18162999,188001.8338,12.144207,1.068001655,1.412531759,0.528301598
1,建湖县,盐城市,江苏省,2014,80.13,3920000,2173843,447566,658777,452100,1753400,1714500,2355240,48920.50418,10.7979519,0.679389232,1.155378316,0.447295918
1,张家港市,苏州市,江苏省,2014,91.98,21802542,8770608,1626618,1527799,286417,11863925,9652200,17876245,237035.6817,12.37596596,1.064680629,1.222190192,0.544153292
1,扬中市,镇江市,江苏省,2014,28.26,4453587,2382454,307186,347116,108687,2379000,1965900,3325890,157593.3121,11.96777302,0.884966409,1.281740763,0.53417616
1,新沂市,徐州市,江苏省,2014,111.89,4735493,1690732,458167,684991,573593,2000500,2161400,2020852,42322.75449,10.65308015,0.668865722,0.783779851,0.422448096
1,昆山市,苏州市,江苏省,2014,76.97,30007053,9709029,2636593,2229762,274600,16871000,12864600,20434725,389853.8781,12.87352728,1.182454899,1.004555629,0.562234485
0,武进区,常州市,江苏省,2014,104.0,19053263,9450663,1296317,1240363,490363,10474600,8088300,14603712,183204.4519,12.11835803,1.045110988,1.262480605,0.549753604
0,江宁区,南京市,江苏省,2014,97.28,14914976,5850000,1668172,1249525,514376,7886900,6513700,9513000,153320.0658,11.94028295,1.335044917,1.030038533,0.52879066
0,江都区,扬州市,江苏省,2014,106.9,7926100,5150000,479810,574740,529200,3975900,3421000,4750000,74144.99532,11.21377785,0.834829662,1.249037988,0.501621226
1,江阴市,无锡市,江苏省,2014,123.21,27539482,9387558,2006618,1872766,461382,15205400,11872700,21981579,223516.6139,12.31724103,1.071472891,1.139060531,0.552130937
1,沛县,徐州市,江苏省,2014,130.63,5649605,2523432,531284,731506,804600,2607800,2237200,1573277,43248.90913,10.67472729,0.726287959,0.725131934,0.461589793
0,沭阳县,宿迁市,江苏省,2014,193.57,5799610,2418627,640434,1004863,788310,2685500,2325800,3035203,29961.30599,10.30766203,0.637334642,0.94037875,0.463048377
0,泗洪县,宿迁市,江苏省,2014,108.85,3383477,1483302,280079,579672,518700,1414200,1367100,2375084,31083.84933,10.34444365,0.483168067,1.140361232,0.417972399
0,泗阳县,宿迁市,江苏省,2014,106.32,3322302,1467064,300467,548419,498802,1737400,1086100,2401942,31248.1377,10.34971506,0.547878538,1.164555781,0.522950653
1,泰兴市,泰州市,江苏省,2014,119.88,6758413,3831843,450818,612013,469313,3486800,2802300,3883588,56376.48482,10.93980741,0.736615072,1.141603953,0.515919936
0,洪泽区,淮安市,江苏省,2014,39.09,2073521,696213,222274,363299,294421,883200,895900,1142303,53044.79406,10.87889201,0.611821117,0.886663796,0.425942153
0,浦口区,南京市,江苏省,2014,62.66,7056400,2550000,830893,735587,348600,3623000,3084800,4635600,112614.1079,11.63172228,1.129564552,1.01830962,0.513434613
1,海安市,南通市,江苏省,2014,94.26,6241399,5653533,541022,705844,512687,3041312,2687400,6824926,66214.71462,11.10065799,0.766489479,1.999304803,0.487280496
1,海门市,南通市,江苏省,2014,100.16,8364999,6263399,685712,736171,490663,4431636,3442700,6305789,83516.36382,11.33279787,0.931457501,1.502592887,0.529783207
0,涟水县,淮安市,江苏省,2014,113.7,3023453,1387552,297206,540925,499653,1208200,1315600,1640707,26591.49516,10.18834671,0.549440311,1.001589573,0.399609321
0,溧水区,南京市,江苏省,2014,42.71,5436535,1550000,410671,415330,330335,2788400,2317800,2574300,127289.5107,11.75421938,0.988782414,0.758626588,0.51290022
1,溧阳市,常州市,江苏省,2014,79.39,7162967,4140286,506188,570050,439267,3751100,2972600,6040614,90225.05353,11.41006242,0.887971231,1.421324432,0.523679643
0,滨海县,盐城市,江苏省,2014,121.48,3281900,1317617,334513,580745,531000,1386300,1364600,1567394,27015.96971,10.20418344,0.576006681,0.879067309,0.422407752
0,灌云县,连云港市,江苏省,2014,104.06,2749889,1182344,355892,557402,551289,1255000,943600,1358121,26425.99462,10.18210345,0.638483536,0.923842744,0.456382058
0,灌南县,连云港市,江苏省,2014,81.44,2592523,829219,351217,525397,447523,1287600,857400,1069533,31833.53389,10.36827554,0.668479264,0.732395431,0.496659046
0,盱眙县,淮安市,江苏省,2014,80.05,2900331,1224454,307731,471245,484131,1188600,1227600,2034579,36231.49282,10.49768399,0.653017008,1.123676229,0.409815293
0,睢宁县,徐州市,江苏省,2014,143.58,4199661,2142900,386294,675628,709761,1824400,1665500,1693980,29249.6239,10.28362199,0.571755463,0.913616599,0.434416016
0,赣榆区,连云港市,江苏省,2014,119.27,4268700,1635100,401689,664898,622000,2121900,1524800,2047301,35790.22386,10.48543006,0.604136274,0.862651627,0.497083421
0,通州区,南通市,江苏省,2014,126.66,8607274,7150176,684012,827497,522451,4469923,3614900,6046661,67955.73978,11.12661189,0.826603601,1.533219112,0.519319241
1,邳州市,徐州市,江苏省,2014,185.89,6844800,2544222,555789,886240,958100,2945900,2940800,2713875,36821.77632,10.5138447,0.627131477,0.768188552,0.43038511
0,金坛区,常州市,江苏省,2014,55.34,4714800,2990087,301172,374591,304300,2430300,1980200,4189840,85196.96422,11.35272108,0.804002232,1.522848689,0.51546195
0,金湖县,淮安市,江苏省,2014,35.92,1936110,1024242,214016,337286,283010,763900,889200,1309216,53900.61247,10.89489712,0.634523817,1.205230075,0.394554028
0,阜宁县,盐城市,江苏省,2014,112.09,3306200,1937656,335714,564631,508400,1481400,1316400,1981682,29495.94076,10.29200793,0.594572384,1.185450971,0.448067268
1,靖江市,泰州市,江苏省,2014,66.81,6661870,3814658,540403,614901,198370,3491800,2971700,5490493,99713.66562,11.51005801,0.878845538,1.396777632,0.524147124
0,高淳区,南京市,江苏省,2014,43.83,4972200,1350000,293674,304763,335500,2462600,2174100,2451200,113442.8474,11.63905444,0.96361435,0.764490568,0.495273722
0,高邮市,扬州市,江苏省,2014,81.81,4451952,2691462,293158,466428,627152,2011300,1813500,2415967,54418.18849,10.90445372,0.628517156,1.147233618,0.451779354
1,东台市,盐城市,江苏省,2015,112.65,6702300,4800179,715512,1017151,879195,2792105,3031000,3477617,59496.67111,10.99367564,0.703447177,1.235067962,0.416589081
1,东海县,连云港市,江苏省,2015,122.84,3935400,1866948,410163,687167,618900,1737100,1579400,2101814,32036.79583,10.37464039,0.596889839,1.00847741,0.441403669
0,丰县,徐州市,江苏省,2015,120.67,3703300,2251179,430912,747200,695300,1603200,1404800,1474972,30689.48372,10.33167532,0.576702355,1.006170443,0.432911187
1,丹阳市,镇江市,江苏省,2015,81.21,10702540,5083965,670582,800700,509400,5409500,4783640,8580815,131788.4497,11.78895326,0.837494692,1.276779157,0.505440765
0,仪征市,扬州市,江苏省,2015,56.46,4081900,2732089,394435,468268,216900,1864400,2000600,3062193,72297.20156,11.1885407,0.842327471,1.419506112,0.456748083
0,六合区,南京市,江苏省,2015,90.34,9510400,4350000,829228,752006,561600,5549800,3399000,6092399,105273.4116,11.56431616,1.10268801,1.097997876,0.583550639
1,兴化市,泰州市,江苏省,2015,158.16,6674000,4305717,408500,824996,936200,2684900,3052900,3929793,42197.77441,10.65012276,0.495153916,1.233969134,0.402292478
0,句容市,镇江市,江苏省,2015,59.13,4685000,2656911,400109,494889,413200,2238500,2033300,3718591,79232.20024,11.28013806,0.808482306,1.360832871,0.477801494
1,启东市,南通市,江苏省,2015,112.06,8031445,7158474,768609,862358,654460,3891337,3485648,6448460,71670.93521,11.17984058,0.891287609,1.694207456,0.484512687
0,吴江区,苏州市,江苏省,2015,81.8,15400889,8079506,1473908,1378659,413989,8041100,6945800,21208076,188274.9267,12.14565855,1.06908815,1.90168126,0.52211921
0,响水县,盐城市,江苏省,2015,62.37,2443000,767459,325412,508150,403500,1136752,902748,1213514,39169.4725,10.57565296,0.640385713,0.8108772,0.465309865
1,大丰区,盐城市,江苏省,2015,71.72,5351100,3249663,693266,947638,753600,2144400,2453100,3315590,74610.98717,11.22004306,0.731572605,1.226897834,0.400740035
1,太仓市,苏州市,江苏省,2015,47.96,11000826,4864881,1145366,1090697,372126,5645300,4983400,11394610,229375.0209,12.34311359,1.050122995,1.478024559,0.513170556
1,如东县,南通市,江苏省,2015,103.96,6726948,5439511,585447,938165,649665,3148317,2928966,4196571,64707.07965,11.0776259,0.624034152,1.432459713,0.468015659
1,如皋市,南通市,江苏省,2015,143.63,8124608,6496400,771021,1010202,604732,4015732,3504144,6028795,56566.23268,10.94316749,0.763234482,1.54163684,0.494267785
0,姜堰区,泰州市,江苏省,2015,78.82,5213630,3875351,349521,612339,366200,2467500,2379930,4190941,66146.02893,11.09962014,0.570796569,1.54715467,0.473278694
1,宜兴市,无锡市,江苏省,2015,108.29,12856600,9098278,1025002,1091081,503400,6590500,5762700,13730570,118723.7972,11.68455504,0.939437127,1.775652039,0.512616088
0,宝应县,扬州市,江苏省,2015,91.16,4580200,2626023,304906,530155,656300,2040000,1883900,2594941,50243.52786,10.82463702,0.575126142,1.139898694,0.445395398
0,射阳县,盐城市,江苏省,2015,96.32,4076098,2394415,205588,593838,784102,1476102,1815896,2173587,42318.29319,10.65297473,0.346202163,1.120680121,0.362136043
1,常熟市,苏州市,江苏省,2015,106.82,20448818,11046000,1576969,1552550,407618,10642700,9398500,19309070,191432.4846,12.16229046,1.015728318,1.484441301,0.52045551
1,建湖县,盐城市,江苏省,2015,80.01,4310545,2582075,506066,836409,451855,1892548,1966097,2659924,53875.07812,10.89442328,0.605046096,1.216087293,0.439050746
1,张家港市,苏州市,江苏省,2015,92.28,22298192,9587678,1742188,1713442,303392,11907600,10087200,18246883,241636.2375,12.39518872,1.016776757,1.248287798,0.53401639
1,扬中市,镇江市,江苏省,2015,28.16,4758000,2600316,340328,385260,118700,2498200,2141100,3841076,168963.0682,12.03743544,0.883372268,1.353802438,0.525052543
1,新沂市,徐州市,江苏省,2015,112.66,5076300,1926070,513316,825003,619300,2123600,2333400,2218496,45058.58335,10.71571877,0.62219895,0.81645411,0.41833619
1,昆山市,苏州市,江苏省,2015,78.7,30800198,10460263,2847589,2553588,288898,16956800,13554500,21745394,391362.1093,12.87738852,1.115132512,1.045631492,0.550541915
0,武进区,常州市,江苏省,2015,93.03,18300000,9131312,1403798,1417241,387600,10189800,7722600,15245331,196710.7385,12.1894896,0.990514669,1.332056995,0.556819672
0,江宁区,南京市,江苏省,2015,99.36,16525162,6450000,1917320,1762151,560762,8624200,7340200,10765274,166316.0427,12.02164513,1.088056585,1.041761285,0.521882932
0,江都区,扬州市,江苏省,2015,106.26,8628700,5794788,544701,713197,566000,4248100,3814600,5323430,81203.65142,11.30471549,0.763745501,1.288515999,0.492322134
1,江阴市,无锡市,江苏省,2015,124.1,28808600,10275065,2189154,2053514,462800,15844200,12501600,23961714,232140.2095,12.35509682,1.06605263,1.188422173,0.549981603
1,沛县,徐州市,江苏省,2015,130.92,6058400,2893774,593024,923535,855900,2779100,2423400,1873874,46275.58815,10.74236985,0.642124013,0.786948369,0.458718474
0,沭阳县,宿迁市,江苏省,2015,195.37,6301344,2810391,717488,1126910,816849,2932814,2551680,3387390,32253.38588,10.38137831,0.636686159,0.983564935,0.465426741
0,泗洪县,宿迁市,江苏省,2015,110.1,3613200,1683996,315879,669597,553800,1549100,1510300,2658559,32817.43869,10.39871532,0.471744945,1.201858463,0.428733533
0,泗阳县,宿迁市,江苏省,2015,106.76,3622400,1741084,336780,694620,527400,1853100,1241900,2691333,33930.31098,10.43206402,0.484840632,1.22361335,0.511566917
1,泰兴市,泰州市,江苏省,2015,119.53,7407700,4286037,527888,674479,491000,3579700,3337000,5022357,61973.56312,11.03446317,0.782660394,1.256583555,0.483240412
0,洪泽区,淮安市,江苏省,2015,39.65,2308081,789443,252079,477833,315781,954600,1037700,1323442,58211.37453,10.97183605,0.527546235,0.915429311,0.413590338
0,浦口区,南京市,江苏省,2015,64.28,8223000,2850000,936806,805967,377500,4277000,3568500,6471045,127924.7044,11.75919712,1.162337912,1.133533382,0.520126475
1,海安市,南通市,江苏省,2015,94.01,6804442,6343960,620566,843989,537710,3231845,3034887,7526452,72379.98085,11.18968503,0.735277356,2.038434893,0.474961062
1,海门市,南通市,江苏省,2015,100.04,9150222,6996568,783980,855534,517975,4715945,3916277,6883961,91465.63375,11.42371859,0.916363347,1.5169609,0.515391321
0,涟水县,淮安市,江苏省,2015,114.97,3408700,1609301,333189,628491,531400,1325100,1552200,1826878,29648.60398,10.29717032,0.530141243,1.008061431,0.388740576
0,溧水区,南京市,江苏省,2015,42.95,6039400,1850000,464041,569718,362400,3112900,2564100,3000143,140614.6682,11.85377858,0.814509986,0.803083584,0.515431997
1,溧阳市,常州市,江苏省,2015,79.6,7381500,4626481,561868,613819,463200,3670700,3247600,6987175,92732.41206,11.43747334,0.915364301,1.573346339,0.49728375
0,滨海县,盐城市,江苏省,2015,122.35,3613000,1531675,386540,694488,559741,1489758,1563501,1846709,29530.03678,10.29316322,0.556582691,0.935063382,0.412332688
0,灌云县,连云港市,江苏省,2015,104.82,3001300,1322096,393199,618031,598100,1335200,1068000,1659063,28632.89449,10.26231149,0.636212423,0.993289241,0.444873888
0,灌南县,连云港市,江苏省,2015,82.17,2816300,940201,388511,609084,482300,1368600,965400,1168169,34274.06596,10.44214425,0.637861116,0.748631183,0.485956752
0,盱眙县,淮安市,江苏省,2015,80.25,3201300,1396522,349765,575185,519800,1285700,1395800,2061977,39891.58879,10.59392077,0.60809131,1.080342049,0.401618093
0,睢宁县,徐州市,江苏省,2015,144.28,4518900,2516866,436818,788948,775100,1927200,1816600,1926127,31320.34932,10.3520233,0.553671471,0.983202328,0.42647547
0,赣榆区,连云港市,江苏省,2015,119.63,4735700,1891232,445078,755798,699700,2302700,1733300,2371275,39586.22419,10.58623646,0.588884861,0.900079608,0.486242794
0,通州区,南通市,江苏省,2015,126.59,9401643,8012980,781560,888415,544941,4767500,4089202,6767551,74268.44932,11.2154415,0.879724003,1.572122128,0.507092218
1,邳州市,徐州市,江苏省,2015,187.49,7317100,3050000,623846,1034275,1045900,3135900,3135300,3195690,39026.61475,10.57199912,0.60317227,0.853574504,0.428571429
0,金坛区,常州市,江苏省,2015,54.93,5254900,3216545,361508,465893,323200,2661100,2270600,5217932,95665.39232,11.46861189,0.775946408,1.605068983,0.506403547
0,金湖县,淮安市,江苏省,2015,35.96,2165300,1148609,239102,411372,309400,833100,1022800,1485990,60214.12681,11.00566227,0.581230614,1.216736249,0.384750381
0,阜宁县,盐城市,江苏省,2015,112.28,3632000,2280264,391690,715056,529724,1592736,1509540,2135737,32347.70217,10.38429827,0.547775279,1.215859306,0.438528634
1,靖江市,泰州市,江苏省,2015,66.61,7483200,4338674,616119,699536,205500,3840800,3436900,6151135,112343.492,11.62931635,0.880753814,1.40178119,0.513256361
0,高淳区,南京市,江苏省,2015,43.88,5644957,1550000,300432,456971,380457,2818200,2446300,2841445,128645.3282,11.7648145,0.657442157,0.777941267,0.499242067
0,高邮市,扬州市,江苏省,2015,81.58,4838560,3098544,332443,536214,663419,2155320,2019840,2784407,59310.61535,10.99054358,0.619981948,1.215847484,0.445446579
1,东台市,盐城市,江苏省,2016,112.46,7270100,5107013,602566,955830,914700,2920300,3435100,3947516,64646.09639,11.076683,0.630411266,1.245447655,0.401686359
0,东海县,连云港市,江苏省,2016,123.45,4334300,2119764,226068,580905,672800,1865700,1795800,2487110,35109.76104,10.46623446,0.389165182,1.062887664,0.43045013
0,丰县,徐州市,江苏省,2016,121.43,4051900,2517502,350000,709000,748100,1716000,1587800,1773131,33368.19567,10.4153585,0.493653032,1.058918779,0.423505022
1,丹阳市,镇江市,江苏省,2016,81.15,11360400,5663117,655469,790060,523100,5675700,5161600,9644905,139992.6063,11.84934489,0.829644584,1.347489701,0.499603887
0,仪征市,扬州市,江苏省,2016,56.47,5570500,2957311,447442,546153,233600,2942700,2394200,3430709,98645.29839,11.49928585,0.819261269,1.146758819,0.528264967
0,六合区,南京市,江苏省,2016,90.89,10796400,4601100,985701,864933,617500,6694700,3484200,7494500,118785.3449,11.68507332,1.139627,1.120336408,0.620086325
0,兴化市,泰州市,江苏省,2016,158.25,7488500,4836295,370577,850031,1025900,2898500,3564100,4284118,47320.6951,10.76470301,0.435957042,1.217922548,0.387060159
0,句容市,镇江市,江苏省,2016,59.21,4932100,2878186,404826,535355,431100,2319000,2181900,5610321,83298.42932,11.33018497,0.756182346,1.721073579,0.470185114
1,启东市,南通市,江苏省,2016,111.95,8818500,7672403,710317,890262,665800,4228500,3924200,7051330,78771.77311,11.27431,0.797874109,1.669641436,0.479503317
0,吴江区,苏州市,江苏省,2016,82.45,16283300,8711252,1652525,1592870,428100,8348500,7506700,22199995,197493.0261,12.19345855,1.037451267,1.898340447,0.512703199
0,响水县,盐城市,江苏省,2016,62.49,2706400,935798,296024,501274,414200,1267700,1024500,1397736,43309.32949,10.67612335,0.590543296,0.862228052,0.468408218
0,大丰区,盐城市,江苏省,2016,71.65,5790700,3564589,592566,893768,776900,2237700,2776100,3929728,80819.26029,11.29997059,0.662997556,1.294198802,0.386429965
1,太仓市,苏州市,江苏省,2016,48.3,11551300,5227413,1277146,1158413,367600,5838700,5345000,12450727,239157.3499,12.38487698,1.10249626,1.530402639,0.50545826
1,如东县,南通市,江苏省,2016,103.53,7466900,6016191,544084,1021563,678700,3405700,3382500,4945563,72123.05612,11.18612905,0.532599556,1.468046177,0.456106282
1,如皋市,南通市,江苏省,2016,143.68,9042700,7168612,712085,963827,629900,4343600,4069200,7099856,62936.38641,11.04987976,0.738809973,1.577899079,0.48034326
0,姜堰区,泰州市,江苏省,2016,78.66,5831900,4270143,356004,669600,401000,2644400,2786500,4848855,74140.60514,11.21371864,0.531666667,1.563641009,0.45343713
1,宜兴市,无锡市,江苏省,2016,108.34,13777400,9586038,1086503,1174161,487400,7095100,6194900,13920342,127168.1743,11.7532657,0.925344139,1.706155007,0.514981056
0,宝应县,扬州市,江苏省,2016,91.25,5063000,2867105,308075,643833,664400,2263100,2135500,2946024,55484.93151,10.92386676,0.478501413,1.148158997,0.446987952
0,射阳县,盐城市,江苏省,2016,96.23,4416500,2779916,215800,645980,810100,1557800,2048600,2644230,45895.25096,10.73411693,0.33406607,1.228154874,0.352722744
1,常熟市,苏州市,江苏省,2016,106.87,21123900,11927531,1735805,1587404,427600,10824300,9872000,21394887,197659.7736,12.19430252,1.093486598,1.577474709,0.512419582
0,建湖县,盐城市,江苏省,2016,80.06,4661300,2845021,350066,732172,467300,1975900,2218100,3014919,58222.58306,10.97202858,0.478119895,1.257147148,0.423894622
1,张家港市,苏州市,江苏省,2016,92.66,23172400,10182254,1900019,1848603,313400,12147000,10712100,19944046,250079.8619,12.42953559,1.027813435,1.300094077,0.524201205
1,扬中市,镇江市,江苏省,2016,28.2,5047300,2767771,325028,386599,129600,2614400,2303300,4314251,178982.2695,12.09504203,0.840736784,1.403130783,0.51797991
0,新沂市,徐州市,江苏省,2016,113.56,5620600,2178744,499120,918229,649100,2321700,2649800,2463821,49494.54033,10.80961765,0.543568108,0.825990997,0.413069779
1,昆山市,苏州市,江苏省,2016,82.35,31602900,11551279,3189188,2689991,300700,17088200,14214000,25522221,383763.2058,12.85778099,1.185575714,1.173104367,0.5407162
0,武进区,常州市,江苏省,2016,94.32,19689900,9929268,1475153,1454410,402200,10742300,8545400,18291362,208756.3613,12.24892312,1.014262141,1.433254105,0.545574127
0,江宁区,南京市,江苏省,2016,102.52,17477900,7187700,2102485,1806223,608800,8925600,7942400,14047700,170482.8326,12.04638988,1.164022936,1.214985782,0.510679201
0,江都区,扬州市,江苏省,2016,105.94,9396300,6196989,551547,852398,596500,4539400,4260300,5957292,88694.54408,11.39295366,0.647053372,1.293517768,0.483105052
1,江阴市,无锡市,江苏省,2016,124.8,30832600,10797164,2299056,2262583,443100,16809900,13579300,26899080,247056.0897,12.41737067,1.016120072,1.222609965,0.545198913
0,沛县,徐州市,江苏省,2016,124.93,6650300,3243499,576839,948558,912900,3050500,2686900,2225951,53232.21004,10.88241894,0.608122013,0.822436582,0.458701111
0,沭阳县,宿迁市,江苏省,2016,197.05,6973100,3231881,717499,1172860,912700,3179500,2880900,4034885,35387.46511,10.47411294,0.611751616,1.042114124,0.4559665
0,泗洪县,宿迁市,江苏省,2016,111.06,4011400,1928861,317476,665920,611300,1689300,1710800,2885520,36119.21484,10.49458027,0.476747958,1.200174752,0.421124794
0,泗阳县,宿迁市,江苏省,2016,107.34,4027500,1946769,333405,702892,578500,1992100,1456900,3149286,37520.96143,10.53265503,0.474333183,1.265314711,0.494624457
1,泰兴市,泰州市,江苏省,2016,119.31,8329100,4653394,572016,758179,539500,3885200,3904400,5813911,69810.57749,11.15354082,0.754460358,1.256715011,0.466460962
0,洪泽区,淮安市,江苏省,2016,37.88,2553100,998248,232424,414811,336300,1037100,1179700,1588400,67399.68321,11.1183956,0.56031301,1.013140104,0.406212056
0,浦口区,南京市,江苏省,2016,66.69,8850600,3145600,1096179,984738,413200,4244700,4192700,8541200,132712.5506,11.79594079,1.113168173,1.320452851,0.479594604
1,海安市,南通市,江苏省,2016,93.83,7552900,6967711,575767,813491,559700,3541500,3451700,7987747,80495.57711,11.29595752,0.707773042,1.980094798,0.468892743
1,海门市,南通市,江苏省,2016,100.1,10050600,7665457,724112,857533,532800,5045300,4472500,8243165,100405.5944,11.51697321,0.844412985,1.582852964,0.501989931
0,涟水县,淮安市,江苏省,2016,115.38,3870900,1875118,289809,641113,566400,1475100,1829400,1970989,33549.14197,10.42076657,0.452040436,0.99359503,0.381074169
0,溧水区,南京市,江苏省,2016,43.37,6424300,2121900,512806,678741,400500,3285300,2728000,4157100,148127.7381,11.90583028,0.755525303,0.97738275,0.511386455
1,溧阳市,常州市,江苏省,2016,79.95,8012600,4785100,589986,694409,482900,3922900,3606800,7989400,100220.1376,11.51512442,0.849623205,1.594301475,0.489591394
0,滨海县,盐城市,江苏省,2016,123.0,3916100,1766641,340700,708929,579900,1567200,1769000,2494638,31838.21138,10.36842246,0.480584092,1.088143561,0.400194071
0,灌云县,连云港市,江苏省,2016,105.21,3286600,1470273,215179,496431,641000,1431200,1214400,1837985,31238.47543,10.3494058,0.43345198,1.006589789,0.435465222
0,灌南县,连云港市,江苏省,2016,82.64,3068000,1080512,224336,480435,515100,1447800,1105100,1340540,37124.87899,10.52204262,0.466943499,0.789130378,0.47190352
0,盱眙县,淮安市,江苏省,2016,80.47,3567000,1618762,307794,546490,542000,1403000,1622000,2223435,44327.07841,10.69935102,0.563219821,1.077150827,0.393327726
0,睢宁县,徐州市,江苏省,2016,144.16,4973800,2856726,425154,802093,840900,2076500,2056400,2243856,34501.94229,10.4487709,0.530055742,1.025489967,0.417487635
0,赣榆区,连云港市,江苏省,2016,120.3,5192100,2178192,250181,602247,765500,2455600,1971000,2571374,43159.601,10.67266017,0.415412613,0.91476782,0.472949288
0,通州区,南通市,江苏省,2016,126.42,10266600,8571409,722155,857521,564100,5073600,4628900,7481334,81210.25154,11.30479677,0.842142641,1.563589017,0.494185027
0,邳州市,徐州市,江苏省,2016,193.87,8041400,3613507,623960,1100768,1119200,3472700,3449500,3661281,41478.31021,10.63292592,0.566840606,0.904666849,0.431852662
0,金坛区,常州市,江苏省,2016,55.04,6000200,3444000,433818,529767,338300,3022600,2639300,6033300,109015.2616,11.59924317,0.818884528,1.57949735,0.503749875
0,金湖县,淮安市,江苏省,2016,35.96,2418800,1295665,220020,418407,331100,903100,1184600,1716689,67263.62625,11.1163749,0.525851623,1.24539193,0.373366959
0,阜宁县,盐城市,江苏省,2016,112.95,3944000,2668073,362412,765450,546000,1691500,1706500,2407807,34918.10536,10.46076075,0.473462669,1.28698783,0.42887931
1,靖江市,泰州市,江苏省,2016,66.67,8017500,4721629,589341,639611,225100,3919500,3872900,6940214,120256.4872,11.69738213,0.921405354,1.45454855,0.488868101
0,高淳区,南京市,江苏省,2016,44.29,5870500,1704200,254537,468374,401300,2856100,2612400,3243200,132546.8503,11.79469145,0.543448185,0.842756154,0.486517332
0,高邮市,扬州市,江苏省,2016,81.48,5375000,3456159,341188,569262,695900,2378600,2300500,3222294,65967.10849,11.09691154,0.599351441,1.242502884,0.442530233
0,东台市,盐城市,江苏省,2017,110.56,8128100,5492767,540066,949430,973300,3292900,3862000,4649201,73517.54703,11.20527939,0.568831825,1.247766145,0.405125429
0,东海县,连云港市,江苏省,2017,123.91,4838200,2383376,211167,619818,698000,2116300,2023900,2946286,39046.08183,10.57249781,0.340691945,1.101579513,0.437414741
0,丰县,徐州市,江苏省,2017,120.97,4569400,2690210,250000,650058,826000,1961000,1782400,2118672,37773.00157,10.53934988,0.384581068,1.052409944,0.429159189
1,丹阳市,镇江市,江苏省,2017,80.83,12332700,6067927,610499,828816,536600,6188400,5607700,10029346,152575.7763,11.93541665,0.736591716,1.305251324,0.50178793
1,仪征市,扬州市,江苏省,2017,56.3,6283600,3061639,477947,575031,232800,3288100,2762700,4028790,111609.2362,11.62275909,0.831167363,1.128402349,0.523282831
0,六合区,南京市,江苏省,2017,92.28,11914200,4517000,1084837,1013897,640400,7249600,4024200,8688500,129109.2328,11.76841409,1.069967659,1.108383274,0.608483994
0,兴化市,泰州市,江苏省,2017,156.55,8623000,5270458,360589,906091,1167100,3312300,4143600,5029103,55081.44363,10.91656816,0.397961132,1.194428969,0.384123855
1,句容市,镇江市,江苏省,2017,58.95,5302000,3152256,440011,601002,449400,2481000,2371600,7249952,89940.62765,11.40690504,0.732129011,1.9619404,0.467936628
1,启东市,南通市,江苏省,2017,111.59,9895000,7997916,711282,926737,691300,4751000,4452800,8216660,88672.82015,11.3927087,0.76751225,1.638663567,0.480141486
0,吴江区,苏州市,江苏省,2017,83.27,17889800,9249541,1835198,1743596,438300,9150600,8300900,24089164,214840.8791,12.27765294,1.052536253,1.863559403,0.511498172
0,响水县,盐城市,江苏省,2017,62.4,3199100,1129373,239012,550081,423600,1563500,1212000,1664689,51267.62821,10.8448148,0.434503282,0.873390016,0.488731206
0,大丰区,盐城市,江苏省,2017,71.45,6474800,3846409,525006,846610,820700,2539800,3114300,4637456,90620.014,11.41443037,0.620127331,1.310289893,0.39225922
1,太仓市,苏州市,江苏省,2017,48.69,12409600,5446474,1408616,1265111,360400,6278800,5770400,13572788,254869.5831,12.44850725,1.113432734,1.532624903,0.505963125
1,如东县,南通市,江苏省,2017,102.79,8525000,6450136,555588,1081022,713700,3912100,3899200,5693740,82936.08328,11.32582551,0.513946987,1.424501584,0.458897361
1,如皋市,南通市,江苏省,2017,142.55,10258000,7666618,713060,1094123,660500,4923000,4674500,7690859,71960.71554,11.18387563,0.651718317,1.497121954,0.479918113
0,姜堰区,泰州市,江苏省,2017,78.25,6688100,4574385,339591,657731,442700,3050900,3194500,5453445,85470.92652,11.35593156,0.516306818,1.499354077,0.456168419
1,宜兴市,无锡市,江苏省,2017,108.33,15582500,9961700,1111500,1236372,491400,8078300,7012800,15173600,143842.8875,11.87647692,0.899001271,1.613046687,0.518421306
0,宝应县,扬州市,江苏省,2017,89.49,5749300,3044731,275856,677903,687700,2574200,2487400,3281056,64245.16706,11.07046178,0.406925475,1.100270816,0.447741464
0,射阳县,盐城市,江苏省,2017,95.61,5000200,3044445,241800,751108,860800,1819400,2320000,2983599,52297.87679,10.86471105,0.32192441,1.205560578,0.363865445
1,常熟市,苏州市,江苏省,2017,106.91,22795500,12253697,1918107,1658019,420700,11657600,10717200,22647572,213221.4012,12.27008635,1.156866719,1.531059595,0.51139918
1,建湖县,盐城市,江苏省,2017,78.77,5231000,3024703,263166,744419,492200,2238300,2500500,3282960,66408.53117,11.10358081,0.35351865,1.205823552,0.427891417
1,张家港市,苏州市,江苏省,2017,92.9,26060500,10272831,2100088,1936161,312200,13656400,12091900,21922154,280522.0667,12.54440767,1.084665996,1.235393987,0.524026784
1,扬中市,镇江市,江苏省,2017,28.19,5362000,2887679,320046,412525,139100,2810400,2412500,4808404,190209.2941,12.15588029,0.775822071,1.435300821,0.524132786
0,新沂市,徐州市,江苏省,2017,112.93,6442600,2465755,474565,930036,710800,2693000,3038800,2800329,57049.49969,10.95167459,0.510265194,0.817384907,0.417998945
1,昆山市,苏州市,江苏省,2017,86.27,35203500,12185389,3525088,2930442,307500,19168900,15727100,28880074,408061.8987,12.91917415,1.202920242,1.166516483,0.54451688
0,武进区,常州市,江苏省,2017,95.92,22602700,10353500,1637451,1565578,416800,12348500,9837400,20054000,235641.1593,12.37006542,1.045908284,1.34530388,0.546328536
0,江宁区,南京市,江苏省,2017,107.9,19892200,7681300,2264606,2133818,631500,10335500,8925200,16415800,184357.7386,12.12463338,1.06129295,1.211384362,0.519575512
0,江都区,扬州市,江苏省,2017,105.21,10551200,6337225,526565,1003265,635500,5008100,4907600,6125939,100287.045,11.5157918,0.52485136,1.181208204,0.474647433
1,江阴市,无锡市,江苏省,2017,125.49,34882700,11568900,2351560,2272879,416400,18978400,15487900,29169600,277971.95,12.53527549,1.034617329,1.16787118,0.54406339
1,沛县,徐州市,江苏省,2017,124.11,7563200,3457738,544611,890877,996400,3593600,2973200,2690136,60939.48916,11.01763667,0.611320081,0.812866776,0.475142797
0,沭阳县,宿迁市,江苏省,2017,197.72,7701400,3547538,480018,1055405,943900,3524800,3232700,4720698,38951.04188,10.5700608,0.454818766,1.073601683,0.457683019
0,泗洪县,宿迁市,江苏省,2017,109.9,4466100,2187538,263386,706643,670200,1903000,1892900,3174567,40637.85259,10.61245524,0.372728521,1.200623587,0.426098833
0,泗阳县,宿迁市,江苏省,2017,107.06,4477500,2191880,262089,653053,587100,2237800,1652600,3659229,41822.34261,10.64118599,0.401328835,1.306780346,0.499787828
1,泰兴市,泰州市,江苏省,2017,118.56,9640700,4942293,631126,818416,571600,4508600,4560500,6970123,81314.94602,11.30608512,0.7711555,1.235638076,0.467663136
0,洪泽区,淮安市,江苏省,2017,37.04,2841100,1126209,164593,366639,350000,1163200,1327900,1723132,76703.56371,11.24770345,0.448923873,1.002900637,0.409418887
0,浦口区,南京市,江苏省,2017,71.08,10265600,3796700,1075364,973746,427700,5128700,4709200,10093700,144423.1851,11.88050305,1.10435781,1.353101621,0.499600608
1,海安市,南通市,江苏省,2017,93.25,8683000,7309673,600135,864704,588300,4124500,3970200,9565297,93115.2815,11.44159359,0.694035184,1.943449269,0.475008638
1,海门市,南通市,江苏省,2017,99.82,11359000,8094248,725403,937857,560100,5630600,5168300,9676231,113794.8307,11.64215238,0.773468663,1.564440444,0.495695044
0,涟水县,淮安市,江苏省,2017,113.61,4293800,2050931,192002,583525,593500,1660800,2039500,2288693,37794.20826,10.53991115,0.329038173,1.010672132,0.386790256
0,溧水区,南京市,江苏省,2017,43.91,7137700,2457900,566618,878961,422700,3637300,3077700,5449200,162552.9492,11.99875907,0.644645212,1.107793827,0.509589924
1,溧阳市,常州市,江苏省,2017,79.11,8580400,4987833,613778,816341,506500,4170600,3903300,8560563,108461.6357,11.5941518,0.751864723,1.57899352,0.486061256
0,滨海县,盐城市,江苏省,2017,122.52,4425300,2016959,273002,753553,621100,1796700,2007500,2948897,36119.00098,10.49457435,0.362286395,1.122151267,0.406006372
0,灌云县,连云港市,江苏省,2017,104.1,3664400,1613784,205658,548464,661300,1621500,1381600,2118688,35200.76849,10.46882319,0.374970828,1.018576575,0.442500819
0,灌南县,连云港市,江苏省,2017,81.91,3422100,1236200,218838,501895,540200,1631900,1250000,1578534,41778.78159,10.64014387,0.436023471,0.822516583,0.476870927
0,盱眙县,淮安市,江苏省,2017,79.86,3956800,1877548,183024,502566,560500,1574500,1821800,2667989,49546.70674,10.81067107,0.364179033,1.148791195,0.397922564
0,睢宁县,徐州市,江苏省,2017,144.0,5600700,3115436,399165,831154,912800,2380600,2307300,2816990,38893.75,10.56858885,0.48025396,1.059229382,0.425054011
0,赣榆区,连云港市,江苏省,2017,119.58,5860200,2447000,231745,615787,855300,2787500,2217400,2941727,49006.52283,10.79970869,0.376339546,0.919546603,0.47566636
0,通州区,南通市,江苏省,2017,126.06,11694100,8968631,727483,1006534,582500,5744600,5367000,8632223,92766.14311,11.43783701,0.722760483,1.505105481,0.491239172
1,邳州市,徐州市,江苏省,2017,193.76,9176500,3924299,600510,1105205,1223500,4038100,3914900,4275196,47360.13625,10.76553615,0.543347162,0.893531848,0.440047949
0,金坛区,常州市,江苏省,2017,55.0,7083400,3684400,511918,675289,352800,3580100,3150500,6794400,128789.0909,11.76593139,0.75807247,1.479346077,0.505421125
0,金湖县,淮安市,江苏省,2017,35.19,2678700,1408314,201828,448479,350700,1013200,1314800,2044269,76121.05712,11.24008021,0.45002776,1.288902453,0.378243178
0,阜宁县,盐城市,江苏省,2017,112.72,4470000,2967908,261444,736547,578900,1945000,1946100,2490534,39655.78424,10.5879921,0.354959018,1.221127964,0.435123043
1,靖江市,泰州市,江苏省,2017,66.17,9233500,4920736,600913,702122,236900,4484400,4512200,7870583,139542.0886,11.84612154,0.855852687,1.385316402,0.485666324
0,高淳区,南京市,江苏省,2017,44.63,6320500,1890400,281664,647727,421800,3084400,2814300,3729100,141619.9866,11.8609026,0.434849867,0.889091053,0.487999367
1,高邮市,扬州市,江苏省,2017,81.18,6084100,3715853,326276,652584,740900,2678500,2664700,3587081,74945.79946,11.22452046,0.499975482,1.200331027,0.440245887
1,东台市,盐城市,江苏省,2018,109.81,8786800,5941057,567000,1153415,990300,3561200,4235300,5092140,80018.21328,11.29000955,0.491583688,1.25565587,0.405289753
0,东海县,连云港市,江苏省,2018,124.62,4944200,2711295,230035,667483,734600,2077800,2131800,3329987,39674.2096,10.58845662,0.3446305,1.221892723,0.42024999
0,丰县,徐州市,江苏省,2018,121.48,4601400,2924224,280966,700000,868500,1826900,1906000,2404360,37877.83997,10.54212152,0.40138,1.158035381,0.397031338
1,丹阳市,镇江市,江苏省,2018,80.63,12510000,6590541,614039,916517,490000,6310000,5706200,10690263,155153.1688,11.95216809,0.669970115,1.381359233,0.504396483
1,仪征市,扬州市,江苏省,2018,56.03,6743300,3314576,509152,660347,238400,3474900,3030000,4524352,120351.5974,11.69817272,0.771037046,1.162476532,0.515311494
0,六合区,南京市,江苏省,2018,93.27,12279000,4955400,1275547,1181246,674700,7352400,4250000,9280100,131650.0482,11.78790253,1.079831805,1.15933708,0.598778402
1,兴化市,泰州市,江苏省,2018,155.67,9051300,5899808,394146,1055013,1248500,3399200,4403600,5599165,58144.15109,10.97068057,0.373593501,1.27042226,0.375548264
1,句容市,镇江市,江苏省,2018,58.9,5710000,3533814,500015,697999,460000,2640000,2605000,9060401,96943.97284,11.48188849,0.716354894,2.205641856,0.46234676
1,启东市,南通市,江苏省,2018,111.04,10633300,8741889,723051,952257,720400,5053400,4859500,9436768,95760.98703,11.46961065,0.759302373,1.709596927,0.475242869
0,吴江区,苏州市,江苏省,2018,84.08,19248900,10454738,2029000,1930641,431000,9867900,8950000,27308445,228935.5376,12.34119575,1.050946292,1.961835897,0.512647476
0,响水县,盐城市,江苏省,2018,62.36,3498600,1287067,253504,615414,428200,1739100,1331300,1957581,56103.27133,10.9349494,0.411924331,0.927413251,0.497084548
0,大丰区,盐城市,江苏省,2018,71.09,6999300,4195617,551266,910620,830900,2737700,3430700,5615832,98456.88564,11.49737402,0.60537436,1.401775749,0.391139114
1,太仓市,苏州市,江苏省,2018,49.4,13304500,5933127,1550558,1325917,349800,6754700,6200000,14993528,269321.8623,12.50366246,1.169423124,1.572900522,0.507700402
1,如东县,南通市,江苏省,2018,102.08,9522900,6980689,575510,1191789,752200,4391300,4379400,6988209,93288.59718,11.44345316,0.482895882,1.466874377,0.461130538
1,如皋市,南通市,江苏省,2018,141.97,11204800,8267601,700066,1076881,693900,5343600,5167300,8836759,78923.71628,11.27623705,0.650086686,1.526520777,0.476902756
0,姜堰区,泰州市,江苏省,2018,77.81,7155800,5077665,377852,716088,474700,3279100,3402000,6319502,91965.04305,11.42916382,0.527661405,1.592717376,0.458243662
1,宜兴市,无锡市,江苏省,2018,108.13,17132800,10855900,1200082,1406999,506100,8903100,7723600,15869100,158446.3146,11.97317111,0.852937351,1.559873459,0.519652363
0,宝应县,扬州市,江苏省,2018,88.76,6300300,3285168,275918,717623,717900,2822400,2760000,3780984,70981.29788,11.17017171,0.384488791,1.121558021,0.447978668
0,射阳县,盐城市,江苏省,2018,95.18,5366100,3395756,263600,851088,876700,1967100,2522300,3464722,56378.44085,10.93984211,0.309721204,1.278484933,0.36657908
1,常熟市,苏州市,江苏省,2018,106.8,23999100,13417989,2110591,1831208,399000,12300100,11300000,25521430,224710.6742,12.32256896,1.152567595,1.622536637,0.512523386
0,建湖县,盐城市,江苏省,2018,78.42,5616800,3334173,283200,873440,501700,2389300,2725800,3393323,71624.58556,11.17919367,0.324235208,1.197745335,0.425384561
1,张家港市,苏州市,江苏省,2018,92.94,27203100,11133659,2334288,2119909,306300,14236800,12660000,23688491,292695.2873,12.58688737,1.101126511,1.280080211,0.523352118
1,扬中市,镇江市,江苏省,2018,28.25,5410000,3036974,327667,420297,180000,2730000,2504000,4899711,191504.4248,12.16266619,0.779608229,1.467039741,0.504621072
0,新沂市,徐州市,江苏省,2018,113.21,6533200,2673487,523811,994996,738200,2619100,3175900,3328841,57708.68298,10.96316293,0.526445332,0.918742423,0.400890835
1,昆山市,苏州市,江苏省,2018,90.32,38321500,13560468,3878858,3184901,316200,20745300,17260000,34413966,424285.8725,12.95816273,1.217889661,1.251893428,0.541348851
0,武进区,常州市,江苏省,2018,97.04,23801300,11229600,1784837,1710643,396700,12920400,10484200,22658500,245273.0833,12.41012749,1.043371995,1.423791978,0.542844298
0,江宁区,南京市,江苏省,2018,112.33,21636000,8900400,2550555,2422212,658000,11265900,9710000,18541300,192611.0567,12.16842818,1.052985866,1.268335182,0.520701608
0,江都区,扬州市,江苏省,2018,104.47,10703900,6782096,528875,1121903,669500,4944400,5090000,6725485,102459.0792,11.53721877,0.471408847,1.261930792,0.461925093
1,江阴市,无锡市,江苏省,2018,125.95,38061800,12509000,2540388,2304834,369800,20719100,16972900,30075600,302197.6975,12.61883671,1.102199985,1.118827801,0.544354182
1,沛县,徐州市,江苏省,2018,129.81,7626200,3681271,562051,1033358,1041100,3328700,3256400,3155727,58748.94076,10.9810284,0.543907339,0.896514385,0.436482127
0,沭阳县,宿迁市,江苏省,2018,198.28,8254400,3937489,470019,1098016,973500,3739800,3541100,5526291,41630.01816,10.63657678,0.428062068,1.146513375,0.453067455
0,泗洪县,宿迁市,江苏省,2018,109.58,4789500,2439005,260279,749650,699900,2032000,2057600,3630061,43707.79339,10.6852817,0.347200694,1.267160664,0.424261405
0,泗阳县,宿迁市,江苏省,2018,106.79,4792200,2437423,254614,671345,612200,2362500,1817500,4263459,44874.98829,10.71163586,0.379259546,1.398289303,0.492988606
1,泰兴市,泰州市,江苏省,2018,117.88,10503400,5188111,745118,963370,604200,4906300,4992900,8409344,89102.4771,11.39754241,0.773449453,1.294576518,0.46711541
0,洪泽区,淮安市,江苏省,2018,36.83,3128100,1201100,193041,387699,369100,1262000,1497000,1940000,84933.47814,11.34962362,0.497914619,1.004155877,0.403439788
0,浦口区,南京市,江苏省,2018,74.32,10501100,4761100,1356305,1128852,422800,4897100,5180000,12310000,141295.7481,11.85861048,1.201490541,1.625648742,0.466341621
1,海安市,南通市,江苏省,2018,92.73,9930000,7855031,617149,1124934,614100,4674000,4641900,10591355,107085.0857,11.58137899,0.548609074,1.857642095,0.470694864
1,海门市,南通市,江苏省,2018,99.59,12490000,8832876,710074,1027114,588000,6095100,5806900,10669750,125414.1982,11.73937712,0.691329297,1.561459247,0.487998399
0,涟水县,淮安市,江苏省,2018,113.28,4762700,2153100,215022,629779,623900,1839300,2299500,2571700,42043.60876,10.64646266,0.341424531,0.992042329,0.386188507
0,溧水区,南京市,江苏省,2018,44.38,7890900,2732600,630926,953272,441600,4117600,3330000,7242700,177803.0644,12.08843184,0.66185307,1.264152378,0.521816269
1,溧阳市,常州市,江苏省,2018,79.04,9355100,5427215,662918,871708,510600,4539700,4304800,8999247,118359.0587,11.68147815,0.760481721,1.542095969,0.485264722
0,滨海县,盐城市,江苏省,2018,122.57,4754200,2281460,289405,809997,634500,1937500,2182200,3351007,38787.63156,10.5658567,0.357291447,1.184734971,0.407534391
0,灌云县,连云港市,江苏省,2018,103.74,3750000,1770193,223254,565708,691500,1590600,1467900,2441193,36148.06246,10.49537863,0.394645294,1.123036267,0.42416
0,灌南县,连云港市,江苏省,2018,81.92,3529900,1332364,224977,534079,572400,1621200,1336300,2155104,43089.59961,10.67103694,0.421242925,0.987979263,0.459276467
0,盱眙县,淮安市,江苏省,2018,79.82,4413400,2127100,180068,549738,593900,1737800,2081700,3197900,55291.90679,10.92038183,0.327552398,1.206552771,0.393755381
0,睢宁县,徐州市,江苏省,2018,144.1,5773000,3381521,417360,871916,964000,2355600,2453400,3282101,40062.45663,10.59819493,0.478669964,1.154273688,0.408037416
0,赣榆区,连云港市,江苏省,2018,119.97,6082600,2712592,258097,695891,912600,2807900,2362100,3561594,50701.00859,10.83370108,0.370887107,1.031497386,0.461628251
0,通州区,南通市,江苏省,2018,125.7,12690000,9731846,722486,1161642,583500,6224700,5881800,10114535,100954.6539,11.52242672,0.621952374,1.563938613,0.490520095
1,邳州市,徐州市,江苏省,2018,194.36,9206600,4172362,587812,1207673,1323200,3644400,4239000,4881429,47368.80016,10.76571907,0.486731094,0.983402233,0.395846458
0,金坛区,常州市,江苏省,2018,54.87,8019300,4032133,565508,736609,360200,4034600,3624500,7575743,146150.9021,11.89239494,0.767718016,1.447492425,0.503111244
0,金湖县,淮安市,江苏省,2018,34.9,2962900,1570400,220329,407766,370400,1115100,1477400,2360700,84896.84814,11.34919225,0.540331955,1.326774444,0.376354248
0,阜宁县,盐城市,江苏省,2018,112.28,4828300,3239561,277024,865203,588800,2104200,2135300,2788596,43002.31564,10.66900925,0.320183818,1.248505064,0.435805563
1,靖江市,泰州市,江苏省,2018,65.88,10020500,5368169,562235,811454,244400,4925100,4851000,8764901,152102.3072,11.93230865,0.692873533,1.410415648,0.49150242
0,高淳区,南京市,江苏省,2018,44.93,6825900,2136400,313230,678434,440500,3283700,3100000,4748200,151922.9913,11.93112904,0.461695611,1.008599599,0.481064768
1,高邮市,扬州市,江苏省,2018,80.82,6690400,3998268,368021,741886,777100,2913300,3000000,4295140,82781.48973,11.32395976,0.496061389,1.23959823,0.435444816
1,东台市,盐城市,江苏省,2019,108.86,8414900,6776952,520016,1087027,1095100,3129000,4190800,5902189,77300.20209,11.25545185,0.478383702,1.506748862,0.371840426
0,东海县,连云港市,江苏省,2019,124.55,5262900,3086443,240611,700272,789000,2157500,2316400,3899901,42255.31915,10.65148552,0.343596488,1.327470406,0.409945087
0,丰县,徐州市,江苏省,2019,121.02,4682300,3410495,284331,732000,908400,1739400,2034500,2785774,38690.29912,10.56334418,0.388430328,1.323338744,0.3714841
1,丹阳市,镇江市,江苏省,2019,80.32,11220000,7397099,620100,899964,487100,5885700,4847200,11387465,139691.2351,11.8471898,0.689027561,1.674203565,0.524572193
1,仪征市,扬州市,江苏省,2019,55.72,7917200,3623200,503700,676800,230300,4230300,3456600,5114500,142089.0165,11.86420902,0.744237589,1.103635124,0.534317688
0,六合区,南京市,江苏省,2019,94.25,14742500,5624400,411840,764693,697700,8936500,5108300,9956100,156419.0981,11.96029421,0.538569073,1.056842462,0.60617263
1,兴化市,泰州市,江苏省,2019,154.26,8718200,6732592,397614,1112335,1281200,3465500,3971500,6425608,56516.27123,10.94228386,0.357458859,1.509279438,0.397501778
0,句容市,镇江市,江苏省,2019,58.66,6616300,3963311,535045,733999,479000,2867700,3269600,11220420,112790.658,11.6332888,0.728945135,2.294897601,0.43342956
1,启东市,南通市,江苏省,2019,110.35,11575500,9822214,706527,1018081,796400,5812900,4966200,10413789,104898.0517,11.56074422,0.693979163,1.748175284,0.502172692
0,吴江区,苏州市,江苏省,2019,85.58,19581600,11685309,2230950,2181670,374300,10082200,9125100,30318924,228810.4697,12.3406493,1.022588201,2.145086867,0.514881317
0,响水县,盐城市,江苏省,2019,62.16,3857800,1525848,220047,644686,466000,1790300,1601500,2119258,62062.41956,11.03589592,0.341324304,0.944866504,0.464072788
0,大丰区,盐城市,江苏省,2019,70.66,6548800,4816001,510066,960668,887200,2281700,3379900,7040257,92680.44155,11.43691274,0.530949298,1.81044741,0.348414977
1,太仓市,苏州市,江苏省,2019,50.17,13249800,6697363,1629666,1432235,325900,6511000,6412900,15817303,264098.0666,12.48407578,1.137848188,1.699245724,0.491403644
1,如东县,南通市,江苏省,2019,101.24,10534200,7837761,577014,1325561,846400,5230300,4457500,8119803,104051.7582,11.55264373,0.435297961,1.514833969,0.496506617
1,如皋市,南通市,江苏省,2019,141.3,12151700,9226984,700134,1219426,724000,5974400,5453300,10323594,85999.29229,11.36209435,0.574150461,1.60887596,0.491651374
0,姜堰区,泰州市,江苏省,2019,73.58,6697200,5740373,385446,906025,492100,3168700,3036400,7223666,91019.29872,11.41882684,0.425425347,1.93574016,0.473138028
1,宜兴市,无锡市,江苏省,2019,107.97,17701200,12291500,1238541,1510854,499200,9242200,7959800,16968100,163945.5404,12.00728958,0.819762201,1.65297268,0.522122794
0,宝应县,扬州市,江苏省,2019,87.97,7329100,3645800,248655,775306,794900,3602900,2931300,4458000,83313.62965,11.33036744,0.320718529,1.105701928,0.491588326
1,射阳县,盐城市,江苏省,2019,94.51,5638700,3952314,286000,916788,953100,2071700,2613900,4064244,59662.46958,10.99645845,0.311958708,1.421703229,0.367407381
1,常熟市,苏州市,江苏省,2019,106.69,22698200,15388299,2030175,2194992,389200,11232300,11076700,27119026,212749.0861,12.26786875,0.924912255,1.872717881,0.494854218
0,建湖县,盐城市,江苏省,2019,77.74,5659600,3850322,301596,934490,549900,2377300,2732400,3666401,72801.64651,11.19549385,0.322738606,1.328136794,0.420047353
1,张家港市,苏州市,江苏省,2019,93.04,25472600,12889895,2470018,2247736,288200,13084800,12099600,25125220,273781.1694,12.52008441,1.098891507,1.492392414,0.513681367
1,扬中市,镇江市,江苏省,2019,28.21,4878400,3376712,340111,495672,155700,2623100,2099600,5280265,172931.5845,12.06065133,0.686161413,1.774552517,0.537696786
0,新沂市,徐州市,江苏省,2019,112.32,6864000,3007344,355492,901963,856700,2654200,3353100,3830482,61111.11111,11.02044898,0.394131467,0.996186772,0.386684149
1,昆山市,苏州市,江苏省,2019,98.13,40450600,15197640,4073058,3424092,303400,20724900,19422300,37457482,412214.4095,12.9292989,1.18952937,1.301714239,0.512350867
0,武进区,常州市,江苏省,2019,97.9,24834200,12500000,1875062,1787549,387700,13590900,10855600,24500000,253669.0501,12.44378574,1.04895698,1.48988089,0.547265465
0,江宁区,南京市,江苏省,2019,116.48,23714100,10524700,2655645,2431531,708300,12330900,10674900,22203300,203589.4574,12.22386078,1.092169913,1.380107194,0.519981783
0,江都区,扬州市,江苏省,2019,103.74,10916600,7536200,530051,1123536,697200,5489900,4729500,7678100,105230.3837,11.56390736,0.471770375,1.393684847,0.502894674
1,江阴市,无锡市,江苏省,2019,126.41,40011200,13842700,2565800,2310984,360800,20420200,19230200,32272700,316519.2627,12.66513938,1.110262988,1.152562283,0.510362099
1,沛县,徐州市,江苏省,2019,129.05,7779600,4115754,449981,1079818,1136000,3243900,3399700,3682800,60283.611,11.00681555,0.416719299,1.002436372,0.416975166
1,沭阳县,宿迁市,江苏省,2019,198.65,9501700,4460613,479011,1195916,1064600,3958100,4479000,6313366,47831.36169,10.77543681,0.400539001,1.133900144,0.416567562
0,泗洪县,宿迁市,江苏省,2019,109.52,4954500,2735899,263205,895538,813600,1869000,2271900,4215742,45238.31264,10.71969963,0.293907126,1.403096377,0.377232819
0,泗阳县,宿迁市,江苏省,2019,106.46,5014400,2716790,257503,728776,664900,2156600,2192900,5045524,47101.25869,10.760055,0.353336279,1.548004547,0.430081366
1,泰兴市,泰州市,江苏省,2019,116.91,10839000,5801684,805869,1064560,654100,5562000,4622900,9646518,92712.34283,11.43725689,0.756997257,1.425242366,0.513146969
0,洪泽区,淮安市,江苏省,2019,36.55,3299900,1351500,200545,406777,391000,1340800,1568100,2167800,90284.54172,11.41072154,0.493009683,1.066486863,0.406315343
0,浦口区,南京市,江苏省,2019,76.49,12241900,5986900,620183,741120,462300,4204300,7575300,15402100,160045.7576,11.98321504,0.836818599,1.747196105,0.343435251
1,海安市,南通市,江苏省,2019,92.16,11332100,8762584,626628,1174090,661300,6110100,4560700,12192111,122961.1545,11.71962377,0.53371377,1.849144907,0.539185147
1,海门市,南通市,江苏省,2019,99.34,13523700,9999835,710229,1128850,638500,6957200,5928000,11636475,136135.4943,11.82140595,0.629161536,1.59988095,0.514445011
0,涟水县,淮安市,江苏省,2019,112.5,5322700,2445500,229483,712989,656800,2234400,2431500,2992400,47312.88889,10.76453803,0.321860506,1.021643151,0.41978695
0,溧水区,南京市,江苏省,2019,44.67,8523700,3136700,705099,1160729,484800,4193800,3845100,8807800,190814.8646,12.15905894,0.607462207,1.401328062,0.492016378
1,溧阳市,常州市,江苏省,2019,79.0,10105400,6372318,702736,1019095,521400,5139600,4444400,9976038,127916.4557,11.75913264,0.689568686,1.617784155,0.508599363
0,滨海县,盐城市,江苏省,2019,122.12,4923300,2661197,232014,813481,673900,2014000,2235400,3796251,40315.26368,10.60448543,0.285211333,1.311609693,0.409075214
0,灌云县,连云港市,江苏省,2019,103.18,3591900,2019402,225879,627386,751000,1274700,1566200,2709044,34811.97907,10.45771683,0.360031942,1.316419165,0.354881817
0,灌南县,连云港市,江苏省,2019,81.84,3816500,1501952,235248,573325,627000,1717000,1472500,2457605,46633.67546,10.75007821,0.410322243,1.03748382,0.449888641
0,盱眙县,淮安市,江苏省,2019,79.67,4185600,2381300,190909,586994,686600,1590500,1908500,3784100,52536.71395,10.86926752,0.325231604,1.473002676,0.37999331
0,睢宁县,徐州市,江苏省,2019,141.79,6126700,3809902,380367,927865,1064300,2403400,2659000,3854604,43209.67628,10.67381974,0.409937868,1.251000702,0.392282958
0,赣榆区,连云港市,江苏省,2019,119.81,6234300,3165563,287835,756520,1071000,2796500,2366800,4244667,52034.88857,10.85966971,0.380472426,1.18862262,0.4485668
0,通州区,南通市,江苏省,2019,125.37,13854600,10926870,706746,1265596,598700,7187900,6068000,11685964,110509.6913,11.6128585,0.558429388,1.632153509,0.518809637
1,邳州市,徐州市,江苏省,2019,194.13,9597100,4748539,428651,1173578,1497300,3907400,4192400,5458747,49436.4601,10.80844349,0.365251394,1.063580248,0.407143825
0,金坛区,常州市,江苏省,2019,54.7,9085800,4609400,577301,811356,367900,4729300,3988600,8404100,166102.3766,12.0203596,0.711526136,1.432289947,0.52051553
0,金湖县,淮安市,江苏省,2019,34.59,3251200,1798200,224828,478013,443800,1353900,1453500,2600500,93992.48338,11.45097009,0.470338673,1.352946604,0.416430856
0,阜宁县,盐城市,江苏省,2019,111.61,5550600,3715165,277042,900965,656500,2347400,2546700,3055272,49732.10286,10.81440594,0.307494742,1.219766692,0.422909235
1,靖江市,泰州市,江苏省,2019,65.53,9795700,6120342,577072,862487,257000,5409100,4129600,9858575,149484.2057,11.91494602,0.66907907,1.631217473,0.552191268
0,高淳区,南京市,江苏省,2019,45.03,4767700,2529400,345016,775958,441700,2106600,2219400,5149400,105878.3034,11.57004563,0.444632313,1.610587915,0.441848271
0,高邮市,扬州市,江苏省,2019,80.27,8187300,4525500,368023,799886,861500,4058600,3267200,5125400,101997.0101,11.53269878,0.460094313,1.178764672,0.495718979
1,东台市,盐城市,江苏省,2020,107.22,8933600,7684438,546018,1183795,1242900,3165600,4525100,7263550,83320.27607,11.33044721,0.461243712,1.673232292,0.354347631
0,东海县,连云港市,江苏省,2020,124.63,5538100,3532044,246805,779964,854200,2193600,2490300,4762821,44436.33154,10.70181269,0.316431271,1.49778173,0.396092523
0,丰县,徐州市,江苏省,2020,120.43,4865300,3870095,300085,825711,964000,1747000,2154300,3641227,40399.40214,10.60657027,0.363426187,1.543855877,0.359073438
1,丹阳市,镇江市,江苏省,2020,79.9,11453600,8332635,640210,949998,504600,5875900,5073100,12859205,143349.1865,11.8730388,0.673906682,1.850233988,0.513017741
1,仪征市,扬州市,江苏省,2020,55.32,8150500,4188568,480015,685535,236400,4295800,3618300,6061368,147333.6949,11.90045533,0.700204949,1.257583707,0.52705969
0,六合区,南京市,江苏省,2020,94.95,16760100,7721800,463615,857022,722600,9934200,6103300,12618700,176515.0079,12.08116118,0.540960442,1.21362641,0.59272916
1,兴化市,泰州市,江苏省,2020,152.75,9009200,7660500,414849,1147637,1339600,3476300,4193300,7630100,58980.03273,10.98495424,0.361481026,1.697220619,0.38586112
1,句容市,镇江市,江苏省,2020,58.53,6754700,4571746,548480,789999,526000,2834400,3394300,12714455,115405.7748,11.65620967,0.69427936,2.559136749,0.419618932
1,启东市,南通市,江苏省,2020,109.6,12231000,11063431,720124,1189907,839600,5897500,5493900,12706232,111596.7153,11.6226469,0.605193515,1.943394898,0.482176437
0,吴江区,苏州市,江苏省,2020,87.67,20028300,13087422,2364761,2443797,375000,10002000,9651300,35296253,228451.0095,12.33907707,0.967658525,2.415765442,0.499393358
0,响水县,盐城市,江苏省,2020,61.89,4057300,1778520,231043,714321,514700,1823000,1719600,2639066,65556.63274,11.09066967,0.323444222,1.088799448,0.449313583
0,大丰区,盐城市,江苏省,2020,70.1,6867900,5503947,535666,1126030,986400,2246100,3635400,8544794,97972.89586,11.49244615,0.475712015,2.045565748,0.327043201
1,太仓市,苏州市,江苏省,2020,51.05,13860900,7612066,1711191,1510606,269600,6665300,6926000,18516394,271516.1606,12.51177694,1.132784459,1.885047868,0.480870651
1,如东县,南通市,江苏省,2020,100.24,11551100,8923306,600163,1348223,908100,5610600,5032400,10036805,115234.4374,11.65472392,0.445151136,1.641411727,0.485719975
1,如皋市,南通市,江苏省,2020,140.39,13052200,10419499,720098,1251314,777100,6233000,6042100,13032595,92971.00933,11.440043,0.575473462,1.796792418,0.477544016
0,姜堰区,泰州市,江苏省,2020,73.129,6874900,6466800,378615,800561,474600,3165900,3234400,8184900,94010.58404,11.45116265,0.472937103,2.131187363,0.460501244
1,宜兴市,无锡市,江苏省,2020,107.59,18322100,13935900,1275891,1724446,525300,9347400,8449400,18780200,170295.5665,12.04529083,0.739884577,1.785608637,0.510170777
0,宝应县,扬州市,江苏省,2020,87.02,7630400,4135893,248707,850604,843700,3572700,3214000,5042090,87685.58952,11.38151285,0.292388703,1.20281807,0.468219228
1,射阳县,盐城市,江苏省,2020,93.63,5923600,4587625,309018,961666,1038900,2076000,2808700,4800804,63266.04721,11.05510409,0.321336098,1.584919475,0.350462557
1,常熟市,苏州市,江苏省,2020,106.41,23654400,17665862,2136586,2297679,403400,11460700,11790300,31076867,222294.8971,12.31176014,0.929888814,2.060619969,0.484506054
0,建湖县,盐城市,江苏省,2020,76.47,5938900,4336499,316630,913688,538900,2470600,2929400,4277810,77663.13587,11.26013598,0.346540613,1.450488979,0.416002964
1,张家港市,苏州市,江苏省,2020,93.02,26866100,15151891,2503018,2332957,301000,13590100,12975000,29146418,288820.6837,12.5735613,1.072895043,1.648855212,0.505845657
0,扬中市,镇江市,江苏省,2020,28.1,4895900,3844067,350115,584505,164100,2521500,2210300,6217398,174231.3167,12.0681391,0.598994021,2.055079761,0.515022774
1,新沂市,徐州市,江苏省,2020,111.63,6922300,3343200,374987,964761,901000,2649100,3372200,4748113,62011.10813,11.03506881,0.388683829,1.168876385,0.382690724
1,昆山市,苏州市,江苏省,2020,106.71,42767600,17955336,4280028,3656687,309500,21491900,20966200,43858167,400783.4317,12.90117649,1.170466053,1.445334856,0.502527614
0,武进区,常州市,江苏省,2020,98.66,26072100,14500000,1952079,1855644,406000,13938100,11728000,27000000,264262.1123,12.48469674,1.051968481,1.591739829,0.534598287
0,江宁区,南京市,江苏省,2020,120.91,25093200,14313700,2643573,2468423,705300,13286900,11101000,26741900,207536.1839,12.24306098,1.070956234,1.636124528,0.529502016
0,江都区,扬州市,江苏省,2020,102.7,11149100,8530210,556918,1167389,733900,5449500,4965700,8807607,108559.8832,11.59505722,0.477062916,1.555086689,0.488783848
1,江阴市,无锡市,江苏省,2020,126.66,41137500,15771000,2596600,2378609,380400,20941100,19816000,34156600,324786.8309,12.69092434,1.09164642,1.213676086,0.509051352
1,沛县,徐州市,江苏省,2020,128.63,8050200,4539196,461310,1208536,1184700,3296500,3569000,4551584,62584.15611,11.04426743,0.381709771,1.129261385,0.409492932
1,沭阳县,宿迁市,江苏省,2020,198.84,10112000,5073885,510005,1322990,1075900,4105700,4930400,7637686,50854.95876,10.83673291,0.385494221,1.257077828,0.406022547
0,泗洪县,宿迁市,江苏省,2020,109.13,5254100,3183684,273054,992221,887800,1920200,2446100,5211071,48145.33126,10.78197945,0.27519474,1.597753183,0.365466969
0,泗阳县,宿迁市,江苏省,2020,106.01,5285400,3082851,266928,877517,698500,2215200,2371700,6012190,49857.56061,10.81692543,0.30418556,1.720785749,0.419116812
1,泰兴市,泰州市,江苏省,2020,115.85,11274700,6644600,854268,1083446,695100,5649700,4929900,11071200,97321.53647,11.48577558,0.788473076,1.571287928,0.501095373
0,洪泽区,淮安市,江苏省,2020,36.08,3436500,1544354,203038,505339,412100,1322300,1702100,2450448,95246.67406,11.46422537,0.401785732,1.162462389,0.384781027
0,浦口区,南京市,江苏省,2020,79.33,13859300,8719800,701179,798258,483400,4698300,8677600,20599300,174704.3993,12.07085068,0.878386436,2.115482023,0.338999805
1,海安市,南通市,江苏省,2020,91.41,12216300,9903137,645405,1288217,719000,6424200,5073100,14070218,133642.9275,11.8029268,0.50100643,1.962407194,0.525871172
1,海门市,南通市,江苏省,2020,98.87,14425700,11124437,735021,1333463,687300,7101300,6637100,13741790,145905.7348,11.89071604,0.551212145,1.723744914,0.492267273
0,涟水县,淮安市,江苏省,2020,111.29,5540500,2810550,239819,730595,719500,2285400,2535600,3756525,49784.3472,10.8154559,0.328251631,1.185285624,0.412489847
0,溧水区,南京市,江苏省,2020,44.98,9115100,3561100,790223,1258948,504200,4595700,4015200,9834300,202647.8435,12.21922499,0.627685178,1.469583438,0.504185363
1,溧阳市,常州市,江苏省,2020,78.85,10863600,7695170,738032,1161984,544400,5399800,4919400,11301656,137775.5231,11.833381,0.63514816,1.748667661,0.497054383
0,滨海县,盐城市,江苏省,2020,121.25,5038600,3133571,243614,911482,711100,1940800,2386700,4546985,41555.46392,10.63478429,0.26727242,1.52434327,0.385186361
0,灌云县,连云港市,江苏省,2020,102.67,3816400,2283671,226126,697113,795900,1320500,1700000,3379334,37171.52041,10.52329817,0.324374958,1.483860444,0.346006708
0,灌南县,连云港市,江苏省,2020,81.5,3969400,1690398,239339,608057,667600,1760100,1541700,2989814,48704.29448,10.79352249,0.39361277,1.179072908,0.443417141
0,盱眙县,淮安市,江苏省,2020,79.01,4353200,2707086,192857,641721,754700,1556500,2042000,4464637,55096.82319,10.91684734,0.300530916,1.647460029,0.357553064
0,睢宁县,徐州市,江苏省,2020,141.09,6193400,4285017,385040,1008676,1099200,2395700,2698500,4638024,43896.80346,10.68959678,0.381728127,1.440733846,0.386814997
0,赣榆区,连云港市,江苏省,2020,119.83,6315800,3616646,300248,810173,1108800,2670600,2536400,5191328,52706.33397,10.87249092,0.370597391,1.394593559,0.422844295
0,通州区,南通市,江苏省,2020,125.0,14625100,12153564,717184,1374553,634300,7316300,6674500,14692462,117000.8,11.66993605,0.521757982,1.835613158,0.500256409
1,邳州市,徐州市,江苏省,2020,192.02,10012700,5295138,439020,1262755,1593300,3963800,4455600,6700424,52144.0475,10.86176531,0.347668392,1.198034696,0.395877236
0,金坛区,常州市,江苏省,2020,54.52,9731500,5159600,558184,871480,388400,4943300,4399800,10220100,178494.1306,12.092311,0.640501216,1.580403843,0.507968967
0,金湖县,淮安市,江苏省,2020,34.24,3370300,2148173,235398,494824,470300,1336500,1563500,2897115,98431.65888,11.49711777,0.47572066,1.496984838,0.396552236
0,阜宁县,盐城市,江苏省,2020,110.34,5742300,4229476,283128,914383,667000,2352000,2723300,3532640,52041.87058,10.85980388,0.309638303,1.351743378,0.409591975
1,靖江市,泰州市,江苏省,2020,65.0,10048000,6955700,608002,1062127,271500,5377700,4398800,11724600,154584.6154,11.9484969,0.572438136,1.85910629,0.535201035
0,高淳区,南京市,江苏省,2020,45.12,5131300,2983600,380065,860694,468700,2296800,2365800,6321400,113725.6206,11.64154399,0.441579702,1.813380625,0.44760587
1,高邮市,扬州市,江苏省,2020,79.65,8381800,5152342,379139,831678,901700,4107300,3372800,5888992,105232.8939,11.56393121,0.455872345,1.317298671,0.490026009
